# GTV UA-00-337160; normalized preview mesh converted from manufacturer 3DS.
# Source: https://assets.gtv.com.pl/assets/3D_solids/bryla_3d_obj/UA-00-337160.zip
# Axes: X length, Y from outer grip towards door, Z strip width.
o Line004
v 0.0726191 0.6517989 1.0000000
v 0.0668761 0.6381417 0.9999185
v 0.1156835 0.3601937 0.9999185
v 0.1194641 0.3842924 1.0000000
v 0.0783732 0.6654561 0.9999592
v 0.1232445 0.4084289 0.9999592
v 0.0350475 0.9146900 0.9999185
v 0.0273642 0.9112851 0.9999592
v 0.0196864 0.9078803 0.9999185
v 0.0641241 0.6308402 0.5000000
v 0.0641296 0.6308781 0.1306652
v 0.1137543 0.3473688 0.1306652
v 0.1137488 0.3473310 0.5000000
v 0.0641296 0.6308781 0.8693348
v 0.1137543 0.3473688 0.8693348
v 0.0161561 0.9060644 0.8693348
v 0.0161450 0.9060644 0.5000000
v 0.0161561 0.9060644 0.1306652
v 0.1393562 0.2734839 1.0000000
v 0.1363429 0.2453751 0.9999185
v 0.1458942 0.2421217 1.0000000
v 0.1430588 0.2131427 0.9999185
v 0.1487296 0.2711005 0.9999592
v 0.1423695 0.3016306 0.9999592
v 0.1461500 0.3369274 0.9685768
v 0.1278590 0.4386562 0.9686583
v 0.1261911 0.4279500 0.9879769
v 0.1448157 0.3244430 0.9878546
v 0.1522877 0.3074566 0.9685768
v 0.1510313 0.2945939 0.9878546
v 0.1539612 0.3245564 0.9423704
v 0.1479291 0.3535732 0.9423704
v 0.1300717 0.4528809 0.9423704
v 0.1497748 0.3707865 0.9141262
v 0.1323623 0.4676730 0.9141262
v 0.1557013 0.3423373 0.9141262
v 0.1574304 0.3600046 0.8844148
v 0.1516151 0.3879620 0.8844148
v 0.1346416 0.4823516 0.8844148
v 0.1533774 0.4044187 0.8537659
v 0.1368155 0.4964250 0.8537659
v 0.1590871 0.3769531 0.8537659
v 0.1606493 0.3928801 0.8220166
v 0.1550342 0.4198918 0.8220166
v 0.1388725 0.5097038 0.8220166
v 0.1565686 0.4342678 0.7888409
v 0.1407739 0.5219990 0.7888409
v 0.1620948 0.4076722 0.7888409
v 0.1634124 0.4211403 0.7540349
v 0.1579696 0.4473197 0.7540349
v 0.1425084 0.5331972 0.7540349
v 0.1592038 0.4588583 0.7173948
v 0.1440373 0.5430712 0.7173948
v 0.1645744 0.4330194 0.7173948
v 0.1655696 0.4431960 0.6786762
v 0.1602602 0.4687323 0.6786762
v 0.1453494 0.5515454 0.6786762
v 0.1611164 0.4767147 0.6376345
v 0.1464057 0.5583929 0.6376345
v 0.1663757 0.4514054 0.6376345
v 0.1669706 0.4574963 0.5940659
v 0.1617501 0.4826164 0.5940659
v 0.1471896 0.5634624 0.5940659
v 0.1621448 0.4863240 0.5477258
v 0.1476789 0.5666024 0.5477258
v 0.1673431 0.4612795 0.5477258
v 0.1674709 0.4626414 0.5000000
v 0.1622838 0.4876102 0.5000000
v 0.1478512 0.5676995 0.5000000
v 0.1621504 0.4863996 0.4522742
v 0.1476900 0.5666780 0.4522742
v 0.1673486 0.4613930 0.4522742
v 0.1669872 0.4576476 0.4059341
v 0.1617668 0.4827678 0.4059341
v 0.1472118 0.5635759 0.4059341
v 0.1611386 0.4769039 0.3623655
v 0.1464335 0.5585442 0.3623655
v 0.1663979 0.4515946 0.3623655
v 0.1655918 0.4434230 0.3213238
v 0.1602879 0.4689593 0.3213238
v 0.1453772 0.5517346 0.3213238
v 0.1592317 0.4591231 0.2826052
v 0.1440707 0.5432982 0.2826052
v 0.1646022 0.4332842 0.2826052
v 0.1634402 0.4214051 0.2459651
v 0.1579974 0.4475467 0.2459651
v 0.1425418 0.5334242 0.2459651
v 0.1565964 0.4344948 0.2111591
v 0.1408072 0.5222260 0.2111591
v 0.1621226 0.4079371 0.2111591
v 0.1606716 0.3931450 0.1779834
v 0.1550564 0.4201188 0.1779834
v 0.1389003 0.5098929 0.1779834
v 0.1533996 0.4046079 0.1462341
v 0.1368433 0.4966141 0.1462341
v 0.1591093 0.3771423 0.1462341
v 0.1574526 0.3601937 0.1155852
v 0.1516373 0.3881512 0.1155852
v 0.1346639 0.4825030 0.1155852
v 0.1497915 0.3709379 0.0858738
v 0.1323789 0.4677865 0.0858738
v 0.1557125 0.3424886 0.0858738
v 0.1539723 0.3246699 0.0576296
v 0.1479402 0.3536489 0.0576296
v 0.1300828 0.4529566 0.0576296
v 0.1461555 0.3370030 0.0314232
v 0.1278646 0.4386941 0.0313417
v 0.1522933 0.3074945 0.0314232
v 0.1510313 0.2945939 0.0121454
v 0.1448157 0.3244808 0.0121454
v 0.1261911 0.4279500 0.0120231
v 0.1393562 0.2734839 0.0000000
v 0.1194641 0.3842924 0.0000000
v 0.1232445 0.4084289 0.0000408
v 0.1423695 0.3016306 0.0000408
v 0.1458942 0.2421217 0.0000000
v 0.1487296 0.2711005 0.0000408
v 0.1430588 0.2131427 0.0000815
v 0.1363429 0.2453751 0.0000815
v 0.1156835 0.3601937 0.0000815
v 0.1347362 0.2303182 0.5000000
v 0.1347417 0.2303939 0.1306652
v 0.1415411 0.1976696 0.5000000
v 0.1415466 0.1977074 0.1306652
v 0.1415466 0.1977074 0.8693348
v 0.1347417 0.2303939 0.8693348
v 0.1526602 0.2129156 1.0000000
v 0.1500306 0.1830666 0.9999185
v 0.1596319 0.1859797 1.0000000
v 0.1572191 0.1552983 0.9999185
v 0.1620504 0.2166989 0.9999592
v 0.1552955 0.2427648 0.9999592
v 0.1585979 0.2802179 0.9685768
v 0.1574304 0.2669391 0.9878546
v 0.1650803 0.2552113 0.9685768
v 0.1640073 0.2415542 0.9878546
v 0.1665036 0.2733326 0.9423704
v 0.1601545 0.2978474 0.9423704
v 0.1617668 0.3161200 0.9141262
v 0.1679824 0.2921349 0.9141262
v 0.1694557 0.3108615 0.8844148
v 0.1633735 0.3343548 0.8844148
v 0.1649135 0.3517951 0.8537659
v 0.1708678 0.3287936 0.8537659
v 0.1721966 0.3457043 0.8220166
v 0.1663590 0.3682140 0.8220166
v 0.1677044 0.3834601 0.7888409
v 0.1734252 0.3613665 0.7888409
v 0.1745483 0.3755911 0.7540349
v 0.1689276 0.3973064 0.7540349
v 0.1700061 0.4095260 0.7173948
v 0.1755379 0.3881890 0.7173948
v 0.1763829 0.3989710 0.6786762
v 0.1709290 0.4200053 0.6786762
v 0.1716795 0.4284796 0.6376345
v 0.1770723 0.4076722 0.6376345
v 0.1775782 0.4141414 0.5940659
v 0.1722299 0.4347596 0.5940659
v 0.1725746 0.4386562 0.5477258
v 0.1778951 0.4181516 0.5477258
v 0.1780063 0.4195513 0.5000000
v 0.1726969 0.4400182 0.5000000
v 0.1725857 0.4387319 0.4522742
v 0.1779007 0.4182273 0.4522742
v 0.1775893 0.4142928 0.4059341
v 0.1722466 0.4349109 0.4059341
v 0.1716962 0.4286687 0.3623655
v 0.1770890 0.4078614 0.3623655
v 0.1764052 0.3991980 0.3213238
v 0.1709512 0.4202323 0.3213238
v 0.1700339 0.4097908 0.2826052
v 0.1755601 0.3884538 0.2826052
v 0.1745705 0.3758559 0.2459651
v 0.1689498 0.3975713 0.2459651
v 0.1677267 0.3837249 0.2111591
v 0.1734475 0.3616313 0.2111591
v 0.1722133 0.3459313 0.1779834
v 0.1663813 0.3684410 0.1779834
v 0.1649302 0.3519843 0.1462341
v 0.1708845 0.3290206 0.1462341
v 0.1694724 0.3110506 0.1155852
v 0.1633902 0.3345440 0.1155852
v 0.1617779 0.3162714 0.0858738
v 0.1679935 0.2922862 0.0858738
v 0.1665147 0.2734461 0.0576296
v 0.1601657 0.2979609 0.0576296
v 0.1586034 0.2802558 0.0314232
v 0.1650803 0.2552492 0.0314232
v 0.1640073 0.2415920 0.0121454
v 0.1574304 0.2669769 0.0121454
v 0.1526602 0.2129156 0.0000000
v 0.1552955 0.2427648 0.0000408
v 0.1596319 0.1859797 0.0000000
v 0.1620504 0.2166989 0.0000408
v 0.1572191 0.1552983 0.0000815
v 0.1500306 0.1830666 0.0000815
v 0.1486240 0.1671017 0.5000000
v 0.1486296 0.1671774 0.1306652
v 0.1559293 0.1389174 0.5000000
v 0.1559348 0.1389551 0.1306652
v 0.1559348 0.1389551 0.8693348
v 0.1486296 0.1671774 0.8693348
v 0.1667815 0.1614649 1.0000000
v 0.1645911 0.1300268 0.9999185
v 0.1740868 0.1394091 1.0000000
v 0.1721243 0.1072902 0.9999185
v 0.1760438 0.1715659 0.9999592
v 0.1689720 0.1929407 0.9999592
v 0.1717185 0.2324368 0.9685768
v 0.1707455 0.2184391 0.9878546
v 0.1785067 0.2119321 0.9685768
v 0.1776338 0.1976318 0.9878546
v 0.1796631 0.2309235 0.9423704
v 0.1730138 0.2510120 0.9423704
v 0.1743537 0.2703061 0.9141262
v 0.1808639 0.2506337 0.9141262
v 0.1820648 0.2702304 0.8844148
v 0.1756880 0.2894866 0.8844148
v 0.1769667 0.3078728 0.8537659
v 0.1832045 0.2890327 0.8537659
v 0.1842886 0.3067000 0.8220166
v 0.1781731 0.3251996 0.8219759
v 0.1792906 0.3412402 0.7888409
v 0.1852894 0.3231188 0.7888409
v 0.1861956 0.3380623 0.7540349
v 0.1803080 0.3558431 0.7540349
v 0.1812086 0.3687436 0.7173948
v 0.1870017 0.3512277 0.7173948
v 0.1876911 0.3625015 0.6786762
v 0.1819759 0.3797904 0.6786762
v 0.1825985 0.3887187 0.6376345
v 0.1882470 0.3716567 0.6376345
v 0.1886585 0.3784285 0.5940659
v 0.1830600 0.3953392 0.5940659
v 0.1833435 0.3994629 0.5477258
v 0.1889142 0.3826279 0.5477258
v 0.1890031 0.3841032 0.5000000
v 0.1834436 0.4009004 0.5000000
v 0.1833491 0.3995385 0.4522742
v 0.1889198 0.3827034 0.4522742
v 0.1886696 0.3785798 0.4059341
v 0.1830711 0.3954905 0.4059341
v 0.1826096 0.3889457 0.3623655
v 0.1882582 0.3718837 0.3623655
v 0.1877078 0.3627663 0.3213238
v 0.1819926 0.3800553 0.3213238
v 0.1812253 0.3690463 0.2826052
v 0.1870184 0.3515303 0.2826052
v 0.1862122 0.3383272 0.2459651
v 0.1803302 0.3561079 0.2459651
v 0.1793128 0.3415050 0.2111591
v 0.1853060 0.3234215 0.2111591
v 0.1843053 0.3069648 0.1779834
v 0.1781898 0.3254266 0.1779834
v 0.1769834 0.3080998 0.1462341
v 0.1832212 0.2892596 0.1462341
v 0.1820759 0.2704574 0.1155852
v 0.1757047 0.2896758 0.1155852
v 0.1743648 0.2704574 0.0858738
v 0.1808751 0.2507850 0.0858738
v 0.1796686 0.2310370 0.0576296
v 0.1730194 0.2511255 0.0576296
v 0.1717240 0.2324746 0.0314232
v 0.1785122 0.2119699 0.0314232
v 0.1776338 0.1976696 0.0121454
v 0.1707455 0.2184770 0.0121454
v 0.1667815 0.1614649 0.0000000
v 0.1689720 0.1929407 0.0000408
v 0.1740868 0.1394091 0.0000000
v 0.1760438 0.1715659 0.0000408
v 0.1721243 0.1072902 0.0000815
v 0.1645911 0.1300268 0.0000815
v 0.1634180 0.1132297 0.5000000
v 0.1634236 0.1132675 0.1306652
v 0.1710791 0.0900768 0.5000000
v 0.1710791 0.0901525 0.1306652
v 0.1710791 0.0901525 0.8693348
v 0.1634236 0.1132675 0.8693348
v 0.1815366 0.1198124 1.0000000
v 0.1798076 0.0870503 0.9999185
v 0.1891199 0.1027126 1.0000000
v 0.1876299 0.0694208 0.9999185
v 0.1906099 0.1360421 0.9999592
v 0.1832657 0.1526122 0.9999592
v 0.1854284 0.1936973 0.9685768
v 0.1846611 0.1791701 0.9878546
v 0.1924779 0.1778460 0.9685768
v 0.1918163 0.1630538 0.9878546
v 0.1933563 0.1975182 0.9423704
v 0.1864513 0.2130670 0.9423704
v 0.1875076 0.2331556 0.9141262
v 0.1942681 0.2179095 0.9141262
v 0.1951798 0.2382249 0.8844148
v 0.1885639 0.2531684 0.8844148
v 0.1895702 0.2722734 0.8537659
v 0.1960471 0.2576703 0.8537659
v 0.1968644 0.2760187 0.8220166
v 0.1905209 0.2903189 0.8219759
v 0.1914049 0.3070405 0.7888409
v 0.1976261 0.2930050 0.7888409
v 0.1983154 0.3084780 0.7540349
v 0.1922055 0.3222488 0.7540349
v 0.1929115 0.3357167 0.7173948
v 0.1989270 0.3221353 0.7173948
v 0.1994496 0.3338252 0.6786762
v 0.1935175 0.3471797 0.6786762
v 0.1940068 0.3564863 0.6376345
v 0.1998721 0.3432830 0.6376345
v 0.2001890 0.3502819 0.5940659
v 0.1943737 0.3633715 0.5940659
v 0.1945961 0.3676844 0.5477258
v 0.2003836 0.3546325 0.5477258
v 0.2004503 0.3561457 0.5000000
v 0.1946795 0.3691598 0.5000000
v 0.1946016 0.3677600 0.4522742
v 0.2003836 0.3547081 0.4522742
v 0.2001946 0.3504710 0.4059341
v 0.1943793 0.3635607 0.4059341
v 0.1940179 0.3567133 0.3623655
v 0.1998832 0.3435100 0.3623655
v 0.1994607 0.3340900 0.3213238
v 0.1935342 0.3474445 0.3213238
v 0.1929282 0.3359816 0.2826052
v 0.1989437 0.3224379 0.2826052
v 0.1983321 0.3087807 0.2459651
v 0.1922166 0.3225514 0.2459651
v 0.1914160 0.3073431 0.2111591
v 0.1976372 0.2933076 0.2111591
v 0.1968811 0.2762835 0.1779834
v 0.1905376 0.2905838 0.1779834
v 0.1895813 0.2725381 0.1462341
v 0.1960582 0.2579352 0.1462341
v 0.1951854 0.2384520 0.1155852
v 0.1885751 0.2533575 0.1155852
v 0.1875187 0.2333069 0.0858738
v 0.1942736 0.2180608 0.0858738
v 0.1933619 0.1976318 0.0576296
v 0.1864569 0.2131805 0.0576296
v 0.1854339 0.1937730 0.0314232
v 0.1924779 0.1778837 0.0314232
v 0.1918163 0.1630538 0.0121454
v 0.1846667 0.1791701 0.0121454
v 0.1815366 0.1198124 0.0000000
v 0.1832657 0.1526122 0.0000408
v 0.1891199 0.1027126 0.0000000
v 0.1906099 0.1360421 0.0000408
v 0.1876299 0.0694208 0.0000815
v 0.1798076 0.0870503 0.0000815
v 0.1788847 0.0695343 0.5000000
v 0.1788903 0.0696100 0.1306652
v 0.1868349 0.0516400 0.5000000
v 0.1868349 0.0516778 0.1306652
v 0.1868349 0.0516778 0.8693348
v 0.1788903 0.0696100 0.8693348
v 0.1968199 0.0881852 1.0000000
v 0.1955746 0.0544396 0.9999185
v 0.2046255 0.0761927 1.0000000
v 0.2036248 0.0420687 0.9999185
v 0.2056263 0.1103546 0.9999592
v 0.1980652 0.1219688 0.9999592
v 0.1996330 0.1643022 0.9685768
v 0.1990771 0.1493209 0.9878546
v 0.2068883 0.1531798 0.9685768
v 0.2064435 0.1380093 0.9878546
v 0.2074776 0.1733439 0.9423704
v 0.2003669 0.1842394 0.9423704
v 0.2011341 0.2049333 0.9141262
v 0.2080947 0.1942648 0.9141262
v 0.2087063 0.2151099 0.8844148
v 0.2018958 0.2255514 0.8844148
v 0.2026241 0.2452617 0.8537659
v 0.2092900 0.2350471 0.8537659
v 0.2098404 0.2538116 0.8220166
v 0.2033079 0.2638369 0.8219759
v 0.2039473 0.2810881 0.7888409
v 0.2103519 0.2712519 0.7888409
v 0.2108189 0.2871032 0.7540349
v 0.2045255 0.2967504 0.7540349
v 0.2050369 0.3105967 0.7173948
v 0.2112303 0.3011010 0.7173948
v 0.2115806 0.3130557 0.6786762
v 0.2054762 0.3224379 0.6786762
v 0.2058264 0.3320093 0.6376345
v 0.2118641 0.3227406 0.6376345
v 0.2120754 0.3299285 0.5940659
v 0.2060933 0.3391216 0.5940659
v 0.2062545 0.3435478 0.5477258
v 0.2122088 0.3343926 0.5477258
v 0.2122533 0.3359816 0.5000000
v 0.2063101 0.3450989 0.5000000
v 0.2062600 0.3436236 0.4522742
v 0.2122088 0.3345062 0.4522742
v 0.2120809 0.3301177 0.4059341
v 0.2060988 0.3393107 0.4059341
v 0.2058375 0.3322363 0.3623655
v 0.2118752 0.3230053 0.3623655
v 0.2115917 0.3133583 0.3213238
v 0.2054873 0.3227027 0.3213238
v 0.2050481 0.3108993 0.2826052
v 0.2112414 0.3014036 0.2826052
v 0.2108300 0.2874059 0.2459651
v 0.2045366 0.2970529 0.2459651
v 0.2039584 0.2813907 0.2111591
v 0.2103630 0.2715545 0.2111591
v 0.2098515 0.2541142 0.1779834
v 0.2033190 0.2641396 0.1779834
v 0.2026352 0.2455265 0.1462341
v 0.2092956 0.2352741 0.1462341
v 0.2087118 0.2152992 0.1155852
v 0.2019014 0.2257406 0.1155852
v 0.2011397 0.2050846 0.0858738
v 0.2080947 0.1944161 0.0858738
v 0.2074832 0.1734575 0.0576296
v 0.2003725 0.1843530 0.0576296
v 0.1996330 0.1643778 0.0314232
v 0.2068883 0.1532555 0.0314232
v 0.2064435 0.1380472 0.0121454
v 0.1990771 0.1493209 0.0121454
v 0.1968199 0.0881852 0.0000000
v 0.1980652 0.1219688 0.0000408
v 0.2046255 0.0761927 0.0000000
v 0.2056263 0.1103546 0.0000408
v 0.2036248 0.0420687 0.0000815
v 0.1955746 0.0544396 0.0000815
v 0.1949074 0.0363939 0.5000000
v 0.1949074 0.0364318 0.1306652
v 0.2030855 0.0238339 0.5000000
v 0.2030911 0.0239095 0.1306652
v 0.2030911 0.0239095 0.8693348
v 0.1949074 0.0364318 0.8693348
v 0.2125202 0.0668105 1.0000000
v 0.2117696 0.0324217 0.9999185
v 0.2204703 0.0601143 1.0000000
v 0.2199477 0.0254985 0.9999185
v 0.2209929 0.0947679 0.9999592
v 0.2132762 0.1012750 0.9999592
v 0.2142214 0.1444785 0.9685768
v 0.2138878 0.1291946 0.9878546
v 0.2216434 0.1382363 0.9685768
v 0.2214099 0.1228390 0.9878546
v 0.2219492 0.1586653 0.9423704
v 0.2146717 0.1647940 0.9423704
v 0.2151331 0.1859040 0.9141262
v 0.2222716 0.1798888 0.9141262
v 0.2225885 0.2010366 0.8844148
v 0.2155946 0.2069383 0.8844148
v 0.2160338 0.2270268 0.8537659
v 0.2228887 0.2212765 0.8537659
v 0.2231778 0.2403436 0.8220166
v 0.2164508 0.2459805 0.8219759
v 0.2168344 0.2635721 0.7888409
v 0.2234447 0.2580108 0.7888409
v 0.2236838 0.2740892 0.7540349
v 0.2171846 0.2795370 0.7540349
v 0.2174960 0.2936481 0.7173948
v 0.2239006 0.2883139 0.7173948
v 0.2240785 0.3004578 0.6786762
v 0.2177572 0.3057164 0.6786762
v 0.2179741 0.3155147 0.6376345
v 0.2242286 0.3102940 0.6376345
v 0.2243398 0.3175576 0.5940659
v 0.2181297 0.3227406 0.5940659
v 0.2182298 0.3272424 0.5477258
v 0.2244065 0.3220974 0.5477258
v 0.2244287 0.3236863 0.5000000
v 0.2182632 0.3288314 0.5000000
v 0.2182298 0.3273560 0.4522742
v 0.2244065 0.3221731 0.4522742
v 0.2243398 0.3177467 0.4059341
v 0.2181353 0.3229297 0.4059341
v 0.2179796 0.3157418 0.3623655
v 0.2242342 0.3105209 0.3623655
v 0.2240840 0.3007226 0.3213238
v 0.2177628 0.3060190 0.3213238
v 0.2175015 0.2939508 0.2826052
v 0.2239006 0.2886165 0.2826052
v 0.2236893 0.2743919 0.2459651
v 0.2171902 0.2798397 0.2459651
v 0.2168399 0.2638747 0.2111591
v 0.2234503 0.2583135 0.2111591
v 0.2231834 0.2406084 0.1779834
v 0.2164563 0.2462831 0.1779834
v 0.2160393 0.2272917 0.1462341
v 0.2228943 0.2215035 0.1462341
v 0.2225885 0.2012636 0.1155852
v 0.2156001 0.2071275 0.1155852
v 0.2151331 0.1860931 0.0858738
v 0.2222716 0.1800780 0.0858738
v 0.2219547 0.1587788 0.0576296
v 0.2146717 0.1649075 0.0576296
v 0.2142269 0.1445542 0.0314232
v 0.2216434 0.1382741 0.0314232
v 0.2214154 0.1228390 0.0121454
v 0.2138878 0.1291946 0.0121454
v 0.2125202 0.0668105 0.0000000
v 0.2132762 0.1012750 0.0000408
v 0.2204703 0.0601143 0.0000000
v 0.2209929 0.0947679 0.0000408
v 0.2199477 0.0254985 0.0000815
v 0.2117696 0.0324217 0.0000815
v 0.2113637 0.0139976 0.5000000
v 0.2113637 0.0140734 0.1306652
v 0.2196697 0.0069610 0.5000000
v 0.2196753 0.0070367 0.1306652
v 0.2196753 0.0070367 0.8693348
v 0.2113637 0.0140734 0.8693348
v 0.2284316 0.0560664 1.0000000
v 0.2281147 0.0213370 0.9999185
v 0.2987046 0.0540612 1.0000000
v 0.2985656 0.0192942 0.9999185
v 0.2988492 0.0888662 0.9999592
v 0.2287485 0.0908335 0.9999592
v 0.2291433 0.1344532 0.9685768
v 0.2290043 0.1190179 0.9878546
v 0.2990271 0.1325238 0.9685768
v 0.2989659 0.1170885 0.9878546
v 0.2991160 0.1531041 0.9423704
v 0.2293267 0.1549579 0.9423704
v 0.2295213 0.1762569 0.9141262
v 0.2991994 0.1744032 0.9141262
v 0.2992884 0.1956645 0.8844148
v 0.2297159 0.1974805 0.8844148
v 0.2298993 0.2177582 0.8537659
v 0.2993717 0.2159800 0.8537659
v 0.2994496 0.2351228 0.8220166
v 0.2300717 0.2369009 0.8219759
v 0.2302329 0.2546060 0.7888409
v 0.2995219 0.2528658 0.7888409
v 0.2995886 0.2690198 0.7540349
v 0.2303830 0.2707222 0.7540349
v 0.2305109 0.2850225 0.7173948
v 0.2996497 0.2833201 0.7173948
v 0.2996998 0.2955019 0.6786762
v 0.2306221 0.2971665 0.6786762
v 0.2307111 0.3070405 0.6376345
v 0.2997387 0.3053759 0.6376345
v 0.2997720 0.3127152 0.5940659
v 0.2307778 0.3143798 0.5940659
v 0.2308222 0.3189196 0.5477258
v 0.2997887 0.3172550 0.5477258
v 0.2997943 0.3188439 0.5000000
v 0.2308334 0.3205085 0.5000000
v 0.2308222 0.3189952 0.4522742
v 0.2997887 0.3173306 0.4522742
v 0.2997720 0.3129043 0.4059341
v 0.2307778 0.3145311 0.4059341
v 0.2307166 0.3073053 0.3623655
v 0.2997387 0.3056407 0.3623655
v 0.2996998 0.2958045 0.3213238
v 0.2306277 0.2974691 0.3213238
v 0.2305165 0.2853252 0.2826052
v 0.2996497 0.2836228 0.2826052
v 0.2995886 0.2693225 0.2459651
v 0.2303830 0.2710628 0.2459651
v 0.2302385 0.2549465 0.2111591
v 0.2995274 0.2532063 0.2111591
v 0.2994496 0.2353876 0.1779834
v 0.2300773 0.2371656 0.1779834
v 0.2299049 0.2180230 0.1462341
v 0.2993717 0.2162070 0.1462341
v 0.2992884 0.1958537 0.1155852
v 0.2297159 0.1976696 0.1155852
v 0.2295269 0.1764083 0.0858738
v 0.2991994 0.1745923 0.0858738
v 0.2991160 0.1532176 0.0576296
v 0.2293323 0.1550713 0.0576296
v 0.2291433 0.1344910 0.0314232
v 0.2990271 0.1325995 0.0314232
v 0.2989659 0.1170885 0.0121454
v 0.2290043 0.1190179 0.0121454
v 0.2284316 0.0560664 0.0000000
v 0.2287485 0.0908335 0.0000408
v 0.2987046 0.0540612 0.0000000
v 0.2988492 0.0888662 0.0000408
v 0.2985656 0.0192942 0.0000815
v 0.2281147 0.0213370 0.0000815
v 0.2279479 0.0027618 0.5000000
v 0.2279479 0.0028374 0.1306652
v 0.2984878 0.0006810 0.5000000
v 0.2984878 0.0007567 0.1306652
v 0.2984878 0.0007567 0.8693348
v 0.2279479 0.0028374 0.8693348
v 0.4936065 0.0533803 1.0000000
v 0.4936009 0.0186131 0.9999185
v 0.6885084 0.0540234 1.0000000
v 0.6886418 0.0192562 0.9999185
v 0.6883694 0.0888284 0.9999592
v 0.4936065 0.0882231 0.9999592
v 0.4936120 0.1319185 0.9685768
v 0.4936120 0.1164454 0.9878546
v 0.6882026 0.1325238 0.9685768
v 0.6882638 0.1170507 0.9878546
v 0.6881192 0.1530663 0.9423704
v 0.4936120 0.1524610 0.9423704
v 0.4936120 0.1737979 0.9141262
v 0.6880358 0.1743654 0.9141262
v 0.6879580 0.1956267 0.8844148
v 0.4936176 0.1950592 0.8844148
v 0.4936176 0.2153747 0.8537659
v 0.6878746 0.2159423 0.8537659
v 0.6878023 0.2350850 0.8220166
v 0.4936176 0.2345175 0.8219759
v 0.4936232 0.2522983 0.7888409
v 0.6877356 0.2528658 0.7888409
v 0.6876689 0.2689820 0.7540349
v 0.4936232 0.2684524 0.7540349
v 0.4936232 0.2827526 0.7173948
v 0.6876133 0.2832823 0.7173948
v 0.6875688 0.2955019 0.6786762
v 0.4936232 0.2949344 0.6786762
v 0.4936232 0.3048085 0.6376345
v 0.6875299 0.3053759 0.6376345
v 0.6875021 0.3126774 0.5940659
v 0.4936287 0.3121477 0.5940659
v 0.4936287 0.3166875 0.5477258
v 0.6874854 0.3172171 0.5477258
v 0.6874798 0.3188439 0.5000000
v 0.4936287 0.3183143 0.5000000
v 0.4936287 0.3168010 0.4522742
v 0.6874854 0.3173306 0.4522742
v 0.6875021 0.3128665 0.4059341
v 0.4936287 0.3123369 0.4059341
v 0.4936232 0.3050732 0.3623655
v 0.6875299 0.3056029 0.3623655
v 0.6875688 0.2957666 0.3213238
v 0.4936232 0.2952370 0.3213238
v 0.4936232 0.2830553 0.2826052
v 0.6876133 0.2835849 0.2826052
v 0.6876689 0.2693225 0.2459651
v 0.4936232 0.2687550 0.2459651
v 0.4936232 0.2526009 0.2111591
v 0.6877300 0.2531684 0.2111591
v 0.6878023 0.2353876 0.1779834
v 0.4936176 0.2348202 0.1779834
v 0.4936176 0.2156396 0.1462341
v 0.6878746 0.2162070 0.1462341
v 0.6879580 0.1958537 0.1155852
v 0.4936176 0.1952483 0.1155852
v 0.4936120 0.1739493 0.0858738
v 0.6880358 0.1745546 0.0858738
v 0.6881192 0.1531798 0.0576296
v 0.4936120 0.1525745 0.0576296
v 0.4936120 0.1319563 0.0314232
v 0.6882026 0.1325616 0.0314232
v 0.6882638 0.1170885 0.0121454
v 0.4936120 0.1164454 0.0121454
v 0.4936065 0.0533803 0.0000000
v 0.4936065 0.0882231 0.0000408
v 0.6885084 0.0540234 0.0000000
v 0.6883694 0.0888284 0.0000408
v 0.6886418 0.0192562 0.0000815
v 0.4936009 0.0186131 0.0000815
v 0.4936009 0.0000000 0.5000000
v 0.4936009 0.0000379 0.1306652
v 0.6887141 0.0006432 0.5000000
v 0.6887141 0.0007188 0.1306652
v 0.6887141 0.0007188 0.8693348
v 0.4936009 0.0000379 0.8693348
v 0.7587925 0.0559529 1.0000000
v 0.7590927 0.0212235 0.9999185
v 0.7667649 0.0598116 1.0000000
v 0.7672596 0.0251579 0.9999185
v 0.7662645 0.0944653 0.9999592
v 0.7584867 0.0907199 0.9999592
v 0.7581087 0.1343397 0.9685768
v 0.7582421 0.1189045 0.9878546
v 0.7656418 0.1379715 0.9685768
v 0.7658643 0.1225741 0.9878546
v 0.7653528 0.1584384 0.9423704
v 0.7579308 0.1548444 0.9423704
v 0.7577472 0.1761434 0.9141262
v 0.7650470 0.1796618 0.9141262
v 0.7647412 0.2008096 0.8844148
v 0.7575638 0.1973670 0.8844148
v 0.7573859 0.2176446 0.8537659
v 0.7644521 0.2210495 0.8537659
v 0.7641797 0.2401165 0.8220166
v 0.7572191 0.2367874 0.8219759
v 0.7570690 0.2545304 0.7888409
v 0.7639240 0.2578217 0.7888409
v 0.7636961 0.2738623 0.7540349
v 0.7569300 0.2706466 0.7540349
v 0.7568022 0.2849090 0.7173948
v 0.7634903 0.2881247 0.7173948
v 0.7633180 0.3002687 0.6786762
v 0.7566965 0.2970908 0.6786762
v 0.7566131 0.3069648 0.6376345
v 0.7631734 0.3101048 0.6376345
v 0.7630733 0.3173685 0.5940659
v 0.7565464 0.3143042 0.5940659
v 0.7565075 0.3188439 0.5477258
v 0.7630066 0.3219083 0.5477258
v 0.7629844 0.3234972 0.5000000
v 0.7564964 0.3204328 0.5000000
v 0.7565075 0.3189196 0.4522742
v 0.7630066 0.3220218 0.4522742
v 0.7630678 0.3175576 0.4059341
v 0.7565464 0.3144554 0.4059341
v 0.7566131 0.3072296 0.3623655
v 0.7631734 0.3103318 0.3623655
v 0.7633124 0.3005335 0.3213238
v 0.7566965 0.2973934 0.3213238
v 0.7568022 0.2852117 0.2826052
v 0.7634847 0.2884273 0.2826052
v 0.7636905 0.2742027 0.2459651
v 0.7569245 0.2709870 0.2459651
v 0.7570634 0.2548330 0.2111591
v 0.7639184 0.2581244 0.2111591
v 0.7641742 0.2404192 0.1779834
v 0.7572191 0.2370901 0.1779834
v 0.7573859 0.2179095 0.1462341
v 0.7644466 0.2213143 0.1462341
v 0.7647412 0.2010366 0.1155852
v 0.7575638 0.1975939 0.1155852
v 0.7577472 0.1763326 0.0858738
v 0.7650414 0.1798132 0.0858738
v 0.7653472 0.1585519 0.0576296
v 0.7579308 0.1549579 0.0576296
v 0.7581087 0.1343775 0.0314232
v 0.7656418 0.1380093 0.0314232
v 0.7658643 0.1225741 0.0121454
v 0.7582421 0.1189045 0.0121454
v 0.7587925 0.0559529 0.0000000
v 0.7584867 0.0907199 0.0000408
v 0.7667649 0.0598116 0.0000000
v 0.7662645 0.0944653 0.0000408
v 0.7672596 0.0251579 0.0000815
v 0.7590927 0.0212235 0.0000815
v 0.7592539 0.0026482 0.5000000
v 0.7592539 0.0027239 0.1306652
v 0.7675265 0.0066584 0.5000000
v 0.7675265 0.0066962 0.1306652
v 0.7675265 0.0066962 0.8693348
v 0.7592539 0.0027239 0.8693348
v 0.7747262 0.0662430 1.0000000
v 0.7754490 0.0317785 0.9999185
v 0.7826486 0.0752091 1.0000000
v 0.7836048 0.0410094 0.9999185
v 0.7816868 0.1094088 0.9999592
v 0.7740090 0.1007075 0.9999592
v 0.7731028 0.1439489 0.9685768
v 0.7734252 0.1286649 0.9878546
v 0.7804859 0.1523096 0.9685768
v 0.7809140 0.1371392 0.9878546
v 0.7799188 0.1725117 0.9423704
v 0.7726748 0.1643022 0.9423704
v 0.7722355 0.1854500 0.9141262
v 0.7793351 0.1934703 0.9141262
v 0.7787513 0.2143533 0.8844148
v 0.7717963 0.2064843 0.8844148
v 0.7713738 0.2266107 0.8537659
v 0.7781898 0.2342906 0.8537659
v 0.7776616 0.2531306 0.8220166
v 0.7709790 0.2455643 0.8219759
v 0.7706121 0.2631559 0.7888409
v 0.7771724 0.2706088 0.7888409
v 0.7767332 0.2864601 0.7540349
v 0.7702785 0.2791586 0.7540349
v 0.7699784 0.2933076 0.7173948
v 0.7763385 0.3004956 0.7173948
v 0.7759993 0.3124882 0.6786762
v 0.7697281 0.3053759 0.6786762
v 0.7695225 0.3151742 0.6376345
v 0.7757325 0.3221731 0.6376345
v 0.7755268 0.3293989 0.5940659
v 0.7693723 0.3224000 0.5940659
v 0.7692778 0.3269020 0.5477258
v 0.7754045 0.3338630 0.5477258
v 0.7753600 0.3354141 0.5000000
v 0.7692444 0.3284909 0.5000000
v 0.7692778 0.3270155 0.4522742
v 0.7753989 0.3339387 0.4522742
v 0.7755212 0.3295502 0.4059341
v 0.7693667 0.3225892 0.4059341
v 0.7695169 0.3154012 0.3623655
v 0.7757214 0.3224379 0.3623655
v 0.7759938 0.3127531 0.3213238
v 0.7697226 0.3056407 0.3213238
v 0.7699728 0.2936103 0.2826052
v 0.7763274 0.3007983 0.2826052
v 0.7767220 0.2867628 0.2459651
v 0.7702674 0.2794613 0.2459651
v 0.7706066 0.2634586 0.2111591
v 0.7771669 0.2708736 0.2111591
v 0.7776561 0.2534332 0.1779834
v 0.7709735 0.2458670 0.1779834
v 0.7713682 0.2268377 0.1462341
v 0.7781843 0.2345553 0.1462341
v 0.7787458 0.2145424 0.1155852
v 0.7717907 0.2066735 0.1155852
v 0.7722300 0.1856014 0.0858738
v 0.7793295 0.1936217 0.0858738
v 0.7799188 0.1726251 0.0576296
v 0.7726748 0.1644158 0.0576296
v 0.7731028 0.1440245 0.0314232
v 0.7804859 0.1523853 0.0314232
v 0.7809140 0.1371392 0.0121454
v 0.7734197 0.1286649 0.0121454
v 0.7747262 0.0662430 0.0000000
v 0.7740090 0.1007075 0.0000408
v 0.7826486 0.0752091 0.0000000
v 0.7816868 0.1094088 0.0000408
v 0.7836048 0.0410094 0.0000815
v 0.7754490 0.0317785 0.0000815
v 0.7758326 0.0133545 0.5000000
v 0.7758326 0.0134303 0.1306652
v 0.7841163 0.0227368 0.5000000
v 0.7841163 0.0228125 0.1306652
v 0.7841163 0.0228125 0.8693348
v 0.7758326 0.0134303 0.8693348
v 0.7904820 0.0866720 1.0000000
v 0.7916718 0.0528128 0.9999185
v 0.7982209 0.1005940 1.0000000
v 0.7996442 0.0671509 0.9999185
v 0.7967977 0.1340370 0.9999592
v 0.7892867 0.1205311 0.9999592
v 0.7877912 0.1630160 0.9685768
v 0.7883249 0.1479590 0.9878546
v 0.7950131 0.1759921 0.9685768
v 0.7956413 0.1611244 0.9878546
v 0.7941680 0.1957402 0.9423704
v 0.7870907 0.1829910 0.9423704
v 0.7863569 0.2037227 0.9141262
v 0.7932952 0.2162449 0.9141262
v 0.7924279 0.2366360 0.8844148
v 0.7856341 0.2244165 0.8844148
v 0.7849336 0.2441645 0.8537659
v 0.7915995 0.2561571 0.8537659
v 0.7908156 0.2745811 0.8220166
v 0.7842776 0.2628155 0.8219759
v 0.7836715 0.2801045 0.7888409
v 0.7900874 0.2916430 0.7888409
v 0.7894257 0.3071540 0.7540349
v 0.7831156 0.2958045 0.7540349
v 0.7826263 0.3096887 0.7173948
v 0.7888419 0.3208868 0.7173948
v 0.7883416 0.3326146 0.6786762
v 0.7822094 0.3215677 0.6786762
v 0.7818702 0.3311770 0.6376345
v 0.7879413 0.3420725 0.6376345
v 0.7876411 0.3491469 0.5940659
v 0.7816201 0.3382893 0.5940659
v 0.7814644 0.3427156 0.5477258
v 0.7874521 0.3534976 0.5477258
v 0.7873909 0.3550486 0.5000000
v 0.7814088 0.3442666 0.5000000
v 0.7814644 0.3428290 0.4522742
v 0.7874521 0.3535732 0.4522742
v 0.7876300 0.3492983 0.4059341
v 0.7816146 0.3384784 0.4059341
v 0.7818647 0.3314040 0.3623655
v 0.7879302 0.3423373 0.3623655
v 0.7883304 0.3328794 0.3213238
v 0.7821983 0.3218326 0.3213238
v 0.7826152 0.3099913 0.2826052
v 0.7888308 0.3211895 0.2826052
v 0.7894146 0.3074566 0.2459651
v 0.7831044 0.2961072 0.2459651
v 0.7836604 0.2804071 0.2111591
v 0.7900762 0.2919457 0.2111591
v 0.7908045 0.2748459 0.1779834
v 0.7842720 0.2630802 0.1779834
v 0.7849280 0.2444294 0.1462341
v 0.7915884 0.2564219 0.1462341
v 0.7924223 0.2368631 0.1155852
v 0.7856229 0.2246056 0.1155852
v 0.7863513 0.2039118 0.0858738
v 0.7932896 0.2163962 0.0858738
v 0.7941680 0.1958537 0.0576296
v 0.7870851 0.1831045 0.0576296
v 0.7877912 0.1630538 0.0314232
v 0.7950075 0.1760678 0.0314232
v 0.7956413 0.1611622 0.0121454
v 0.7883249 0.1479969 0.0121454
v 0.7904820 0.0866720 0.0000000
v 0.7892867 0.1205311 0.0000408
v 0.7982209 0.1005940 0.0000000
v 0.7967977 0.1340370 0.0000408
v 0.7996442 0.0671509 0.0000815
v 0.7916718 0.0528128 0.0000815
v 0.7923112 0.0347293 0.5000000
v 0.7923056 0.0347672 0.1306652
v 0.8004059 0.0492945 0.5000000
v 0.8004003 0.0493701 0.1306652
v 0.8004003 0.0493701 0.8693348
v 0.7923056 0.0347672 0.8693348
v 0.8058542 0.1169373 1.0000000
v 0.8075055 0.0840238 0.9999185
v 0.8133652 0.1357394 1.0000000
v 0.8152388 0.1033557 0.9999185
v 0.8114861 0.1681232 0.9999592
v 0.8041975 0.1499263 0.9999592
v 0.8021293 0.1912761 0.9685768
v 0.8028632 0.1766353 0.9878546
v 0.8091288 0.2087921 0.9685768
v 0.8099627 0.1943783 0.9878546
v 0.8080225 0.2278970 0.9423704
v 0.8011509 0.2107215 0.9423704
v 0.8001391 0.2309235 0.9141262
v 0.8068716 0.2477585 0.9141262
v 0.8057264 0.2675065 0.8844148
v 0.7991327 0.2510120 0.8844148
v 0.7981654 0.2702682 0.8537659
v 0.8046311 0.2864224 0.8537659
v 0.8035971 0.3042409 0.8220166
v 0.7972591 0.2883896 0.8219759
v 0.7964141 0.3052246 0.7888409
v 0.8026408 0.3207733 0.7888409
v 0.8017680 0.3357924 0.7540349
v 0.7956469 0.3205085 0.7540349
v 0.7949686 0.3340143 0.7173948
v 0.8010007 0.3491091 0.7173948
v 0.8003447 0.3604586 0.6786762
v 0.7943904 0.3455529 0.6786762
v 0.7939234 0.3549351 0.6376345
v 0.7998110 0.3696516 0.6376345
v 0.7994163 0.3764613 0.5940659
v 0.7935731 0.3618583 0.5940659
v 0.7933564 0.3661711 0.5477258
v 0.7991717 0.3806984 0.5477258
v 0.7990827 0.3821738 0.5000000
v 0.7932841 0.3676844 0.5000000
v 0.7933564 0.3662467 0.4522742
v 0.7991661 0.3807741 0.4522742
v 0.7994051 0.3766505 0.4059341
v 0.7935676 0.3620474 0.4059341
v 0.7939123 0.3551622 0.3623655
v 0.7997943 0.3698785 0.3623655
v 0.8003280 0.3607234 0.3213238
v 0.7943793 0.3458556 0.3213238
v 0.7949575 0.3343170 0.2826052
v 0.8009840 0.3493739 0.2826052
v 0.8017513 0.3360951 0.2459651
v 0.7956357 0.3208112 0.2459651
v 0.7963974 0.3054893 0.2111591
v 0.8026241 0.3210759 0.2111591
v 0.8035859 0.3045058 0.1779834
v 0.7972425 0.2886543 0.1779834
v 0.7981543 0.2704952 0.1462341
v 0.8046200 0.2866493 0.1462341
v 0.8057152 0.2677335 0.1155852
v 0.7991216 0.2512390 0.1155852
v 0.8001335 0.2310748 0.0858738
v 0.8068661 0.2479098 0.0858738
v 0.8080169 0.2280105 0.0576296
v 0.8011453 0.2108350 0.0576296
v 0.8021237 0.1913139 0.0314232
v 0.8091288 0.2088299 0.0314232
v 0.8099627 0.1944161 0.0121454
v 0.8028577 0.1766353 0.0121454
v 0.8058542 0.1169373 0.0000000
v 0.8041975 0.1499263 0.0000408
v 0.8133652 0.1357394 0.0000000
v 0.8114861 0.1681232 0.0000408
v 0.8152388 0.1033557 0.0000815
v 0.8075055 0.0840238 0.0000815
v 0.8083838 0.0664321 0.5000000
v 0.8083838 0.0664699 0.1306652
v 0.8162395 0.0860667 0.5000000
v 0.8162395 0.0861046 0.1306652
v 0.8162395 0.0861046 0.8693348
v 0.8083838 0.0664699 0.8693348
v 0.8207373 0.1568873 1.0000000
v 0.8228388 0.1251844 0.9999185
v 0.8279702 0.1804185 1.0000000
v 0.8302830 0.1493966 0.9999185
v 0.8256575 0.2114781 0.9999592
v 0.8186413 0.1886658 0.9999592
v 0.8160116 0.2285023 0.9685768
v 0.8169400 0.2143911 0.9878546
v 0.8227553 0.2504445 0.9685768
v 0.8237783 0.2366360 0.9878546
v 0.8213877 0.2687928 0.9423704
v 0.8147718 0.2472667 0.9423704
v 0.8134876 0.2667121 0.9141262
v 0.8199700 0.2878220 0.9141262
v 0.8185579 0.3067757 0.8844148
v 0.8122033 0.2861197 0.8844148
v 0.8109801 0.3046570 0.8537659
v 0.8172069 0.3248969 0.8537659
v 0.8159338 0.3419590 0.8220166
v 0.8098293 0.3221353 0.8219759
v 0.8087563 0.3383272 0.7888409
v 0.8147495 0.3578103 0.7888409
v 0.8136765 0.3722241 0.7540349
v 0.8077834 0.3530435 0.7540349
v 0.8069217 0.3660954 0.7173948
v 0.8127259 0.3849734 0.7173948
v 0.8119197 0.3958688 0.6786762
v 0.8061878 0.3772179 0.6786762
v 0.8055929 0.3862218 0.6376345
v 0.8112582 0.4046836 0.6376345
v 0.8107745 0.4111906 0.5940659
v 0.8051482 0.3929180 0.5940659
v 0.8048758 0.3970794 0.5477258
v 0.8104687 0.4152764 0.5477258
v 0.8103630 0.4166761 0.5000000
v 0.8047812 0.3985170 0.5000000
v 0.8048702 0.3971551 0.4522742
v 0.8104631 0.4153520 0.4522742
v 0.8107634 0.4113798 0.4059341
v 0.8051370 0.3930693 0.4059341
v 0.8055763 0.3864488 0.3623655
v 0.8112415 0.4048727 0.3623655
v 0.8118975 0.3960958 0.3213238
v 0.8061712 0.3774827 0.3213238
v 0.8069050 0.3663602 0.2826052
v 0.8127092 0.3852382 0.2826052
v 0.8136543 0.3725268 0.2459651
v 0.8077667 0.3533462 0.2459651
v 0.8087397 0.3385919 0.2111591
v 0.8147328 0.3581130 0.2111591
v 0.8159115 0.3422237 0.1779834
v 0.8098071 0.3224000 0.1779834
v 0.8109635 0.3048841 0.1462341
v 0.8171902 0.3251239 0.1462341
v 0.8185412 0.3069648 0.1155852
v 0.8121921 0.2863088 0.1155852
v 0.8134764 0.2668634 0.0858738
v 0.8199588 0.2879356 0.0858738
v 0.8213766 0.2688685 0.0576296
v 0.8147662 0.2473802 0.0576296
v 0.8160061 0.2285780 0.0314232
v 0.8227497 0.2504824 0.0314232
v 0.8237783 0.2366739 0.0121454
v 0.8169400 0.2144290 0.0121454
v 0.8207373 0.1568873 0.0000000
v 0.8186413 0.1886658 0.0000408
v 0.8279702 0.1804185 0.0000000
v 0.8256575 0.2114781 0.0000408
v 0.8302830 0.1493966 0.0000815
v 0.8228388 0.1251844 0.0000815
v 0.8239562 0.1081981 0.5000000
v 0.8239507 0.1082360 0.1306652
v 0.8315172 0.1327886 0.5000000
v 0.8315172 0.1328643 0.1306652
v 0.8315172 0.1328643 0.8693348
v 0.8239507 0.1082360 0.8693348
v 0.8350420 0.2062574 1.0000000
v 0.8375660 0.1759921 0.9999185
v 0.8419248 0.2343283 1.0000000
v 0.8446434 0.2048576 0.9999185
v 0.8392061 0.2637991 0.9999592
v 0.8325180 0.2365603 0.9999592
v 0.8293490 0.2745432 0.9685768
v 0.8304720 0.2610752 0.9878546
v 0.8357925 0.3007983 0.9685768
v 0.8369989 0.2877086 0.9878546
v 0.8341803 0.3182386 0.9423704
v 0.8278590 0.2923997 0.9423704
v 0.8263079 0.3109749 0.9141262
v 0.8325180 0.3362842 0.9141262
v 0.8308557 0.3542920 0.8844148
v 0.8247679 0.3294367 0.8844148
v 0.8232946 0.3471419 0.8537659
v 0.8292656 0.3715053 0.8537659
v 0.8277701 0.3877350 0.8220166
v 0.8219048 0.3637877 0.8220166
v 0.8206149 0.3792608 0.7888409
v 0.8263802 0.4027920 0.7888409
v 0.8251182 0.4164492 0.7540349
v 0.8194418 0.3932963 0.7540349
v 0.8184077 0.4057050 0.7173948
v 0.8240007 0.4285553 0.7173948
v 0.8230444 0.4388833 0.6786762
v 0.8175182 0.4163357 0.6786762
v 0.8168010 0.4249234 0.6376345
v 0.8222717 0.4472818 0.6376345
v 0.8216990 0.4534862 0.5940659
v 0.8162729 0.4313169 0.5940659
v 0.8159449 0.4352514 0.5477258
v 0.8213433 0.4573450 0.5477258
v 0.8212209 0.4586691 0.5000000
v 0.8158281 0.4366512 0.5000000
v 0.8159338 0.4353271 0.4522742
v 0.8213377 0.4574207 0.4522742
v 0.8216879 0.4536375 0.4059341
v 0.8162617 0.4314683 0.4059341
v 0.8167844 0.4251504 0.3623655
v 0.8222550 0.4474710 0.3623655
v 0.8230222 0.4391481 0.3213238
v 0.8175015 0.4165627 0.3213238
v 0.8183855 0.4059699 0.2826052
v 0.8239785 0.4288201 0.2826052
v 0.8250904 0.4167140 0.2459651
v 0.8194196 0.3935611 0.2459651
v 0.8205926 0.3795256 0.2111591
v 0.8263579 0.4030568 0.2111591
v 0.8277478 0.3879620 0.1779834
v 0.8218825 0.3640526 0.1779834
v 0.8232724 0.3473310 0.1462341
v 0.8292434 0.3717323 0.1462341
v 0.8308390 0.3544812 0.1155852
v 0.8247512 0.3296259 0.1155852
v 0.8262968 0.3111263 0.0858738
v 0.8325013 0.3364355 0.0858738
v 0.8341747 0.3183143 0.0576296
v 0.8278479 0.2925132 0.0576296
v 0.8293434 0.2745811 0.0314232
v 0.8357870 0.3008739 0.0314232
v 0.8369989 0.2877464 0.0121454
v 0.8304664 0.2611131 0.0121454
v 0.8350420 0.2062574 0.0000000
v 0.8325180 0.2365603 0.0000408
v 0.8419248 0.2343283 0.0000000
v 0.8392061 0.2637991 0.0000408
v 0.8446434 0.2048576 0.0000815
v 0.8375660 0.1759921 0.0000815
v 0.8389170 0.1598381 0.5000000
v 0.8389115 0.1598760 0.1306652
v 0.8461000 0.1890818 0.5000000
v 0.8460945 0.1891197 0.1306652
v 0.8460945 0.1891197 0.8693348
v 0.8389115 0.1598760 0.8693348
v 0.8485906 0.2644422 1.0000000
v 0.8514761 0.2357281 0.9999185
v 0.8699950 0.3756290 1.0000000
v 0.8737199 0.3509628 0.9999185
v 0.8662701 0.4002951 0.9999592
v 0.8456997 0.2931941 0.9999592
v 0.8420749 0.3292476 0.9685768
v 0.8433591 0.3164983 0.9878546
v 0.8617557 0.4312791 0.9686990
v 0.8633902 0.4203080 0.9880176
v 0.8595763 0.4458442 0.9423704
v 0.8403681 0.3462339 0.9423704
v 0.8386001 0.3638256 0.9141262
v 0.8573303 0.4609768 0.9141262
v 0.8550899 0.4760338 0.8844148
v 0.8368322 0.3813794 0.8844148
v 0.8351476 0.3981387 0.8537659
v 0.8529550 0.4904476 0.8537659
v 0.8509369 0.5040291 0.8220166
v 0.8335576 0.4139523 0.8220166
v 0.8320787 0.4286309 0.7888409
v 0.8490687 0.5166270 0.7888409
v 0.8473676 0.5280899 0.7540349
v 0.8307389 0.4419476 0.7540349
v 0.8295547 0.4537510 0.7173948
v 0.8458665 0.5381909 0.7173948
v 0.8445823 0.5468543 0.6786762
v 0.8285428 0.4638142 0.6786762
v 0.8277201 0.4719858 0.6376345
v 0.8435426 0.5538532 0.6376345
v 0.8427698 0.5590739 0.5940659
v 0.8271141 0.4780010 0.5940659
v 0.8267360 0.4817842 0.5477258
v 0.8422916 0.5622896 0.5477258
v 0.8421249 0.5634245 0.5000000
v 0.8266026 0.4831083 0.5000000
v 0.8267305 0.4818598 0.4522742
v 0.8422805 0.5623652 0.4522742
v 0.8427531 0.5591874 0.4059341
v 0.8270974 0.4781523 0.4059341
v 0.8277034 0.4721750 0.3623655
v 0.8435148 0.5540423 0.3623655
v 0.8445489 0.5470435 0.3213238
v 0.8285206 0.4640412 0.3213238
v 0.8295269 0.4539780 0.2826052
v 0.8458331 0.5384179 0.2826052
v 0.8473342 0.5283169 0.2459651
v 0.8307167 0.4422124 0.2459651
v 0.8320565 0.4288579 0.2111591
v 0.8490354 0.5168540 0.2111591
v 0.8509090 0.5042182 0.1779834
v 0.8335298 0.4141793 0.1779834
v 0.8351254 0.3983657 0.1462341
v 0.8529272 0.4906367 0.1462341
v 0.8550676 0.4761851 0.1155852
v 0.8368155 0.3815307 0.1155852
v 0.8385834 0.3639769 0.0858738
v 0.8573137 0.4610903 0.0858738
v 0.8595653 0.4459199 0.0576296
v 0.8403570 0.3463096 0.0576296
v 0.8420693 0.3292854 0.0314232
v 0.8617446 0.4313169 0.0313010
v 0.8633902 0.4203080 0.0119824
v 0.8433535 0.3164983 0.0121454
v 0.8485906 0.2644422 0.0000000
v 0.8456997 0.2931941 0.0000408
v 0.8699950 0.3756290 0.0000000
v 0.8662701 0.4002951 0.0000408
v 0.8737199 0.3509628 0.0000815
v 0.8514761 0.2357281 0.0000815
v 0.8530217 0.2204063 0.5000000
v 0.8530161 0.2204442 0.1306652
v 0.8756157 0.3377596 0.5000000
v 0.8756102 0.3377974 0.1306652
v 0.8756102 0.3377974 0.8693348
v 0.8530161 0.2204442 0.8693348
v 0.9211098 0.6466916 1.0000000
v 0.9270195 0.6326940 0.9999185
v 0.9706065 0.9101124 0.9999592
v 0.9786680 0.9065940 0.9999185
v 0.9625396 0.9135929 0.9999185
v 0.9151943 0.6606893 0.9999592
v 0.9083783 0.6782431 0.9689436
v 0.9109412 0.6720387 0.9884252
v 0.9534831 0.9179813 0.9691881
v 0.9569523 0.9164302 0.9888327
v 0.9488742 0.9200620 0.9424927
v 0.9049758 0.6865282 0.9424519
v 0.9014844 0.6951160 0.9141262
v 0.9441597 0.9221806 0.9140854
v 0.9394952 0.9243370 0.8843740
v 0.8980208 0.7036280 0.8844148
v 0.8947074 0.7117997 0.8537659
v 0.9350309 0.9263799 0.8537659
v 0.9308168 0.9283093 0.8219759
v 0.8915828 0.7195173 0.8220166
v 0.8886863 0.7266674 0.7888409
v 0.9269139 0.9300874 0.7888001
v 0.9233669 0.9317141 0.7540349
v 0.8860566 0.7331744 0.7540349
v 0.8837272 0.7389248 0.7173948
v 0.9202313 0.9331517 0.7173948
v 0.9175516 0.9343624 0.6786762
v 0.8817369 0.7438051 0.6786762
v 0.8801246 0.7477774 0.6376345
v 0.9153778 0.9353838 0.6376345
v 0.9137711 0.9361026 0.5940659
v 0.8789293 0.7507283 0.5940659
v 0.8781898 0.7525442 0.5477258
v 0.9127704 0.9365566 0.5477258
v 0.9124201 0.9367079 0.5000000
v 0.8779286 0.7531873 0.5000000
v 0.8781731 0.7525820 0.4522742
v 0.9127482 0.9365566 0.4522742
v 0.9137322 0.9361404 0.4059341
v 0.8789015 0.7508039 0.4059341
v 0.8800856 0.7478909 0.3623655
v 0.9153278 0.9353838 0.3623655
v 0.9174849 0.9344002 0.3213238
v 0.8816923 0.7439186 0.3213238
v 0.8836771 0.7390383 0.2826052
v 0.9201646 0.9331896 0.2826052
v 0.9233002 0.9317520 0.2459651
v 0.8860010 0.7332880 0.2459651
v 0.8886362 0.7267809 0.2111591
v 0.9268472 0.9301252 0.2111999
v 0.9307556 0.9283471 0.1780241
v 0.8915384 0.7196308 0.1779834
v 0.8946629 0.7119131 0.1462341
v 0.9349698 0.9264177 0.1462341
v 0.9394452 0.9243370 0.1156260
v 0.8979874 0.7037415 0.1155852
v 0.9014566 0.6951538 0.0858738
v 0.9441263 0.9222184 0.0859146
v 0.9488520 0.9200620 0.0575073
v 0.9049591 0.6865661 0.0575481
v 0.9083727 0.6782809 0.0310564
v 0.9534664 0.9179813 0.0308119
v 0.9569467 0.9164302 0.0111265
v 0.9109356 0.6720387 0.0115748
v 0.9211098 0.6466916 0.0000000
v 0.9151943 0.6606893 0.0000408
v 0.9706065 0.9101124 0.0000408
v 0.9625396 0.9135929 0.0000815
v 0.9786680 0.9065940 0.0000815
v 0.9270195 0.6326940 0.0000815
v 0.9298104 0.6252034 0.5000000
v 0.9298048 0.6252412 0.1306652
v 0.9823317 0.9047403 0.5000000
v 0.9823261 0.9047403 0.1306652
v 0.9823261 0.9047403 0.8693348
v 0.9298048 0.6252412 0.8693348
v 0.0850725 0.6825937 0.9689029
v 0.0437760 0.9190028 0.9691474
v 0.0404514 0.9174895 0.9887512
v 0.0825707 0.6765029 0.9883844
v 0.0884027 0.6906518 0.9424519
v 0.0481903 0.9210078 0.9424519
v 0.0918218 0.6990126 0.9141262
v 0.0527158 0.9230886 0.9140854
v 0.0952132 0.7073356 0.8844148
v 0.0572024 0.9251693 0.8843740
v 0.0984600 0.7153180 0.8537659
v 0.0614888 0.9271744 0.8537659
v 0.1015177 0.7228465 0.8220166
v 0.0655362 0.9290659 0.8219759
v 0.1043587 0.7298074 0.7888409
v 0.0692833 0.9308062 0.7888001
v 0.1069383 0.7361253 0.7540349
v 0.0726914 0.9323951 0.7540349
v 0.1092178 0.7417622 0.7173948
v 0.0757046 0.9337949 0.7173948
v 0.1111691 0.7465290 0.6786762
v 0.0782843 0.9349677 0.6786762
v 0.1127481 0.7504256 0.6376345
v 0.0803691 0.9359513 0.6376345
v 0.1139156 0.7533008 0.5940659
v 0.0819147 0.9366701 0.5940659
v 0.1146439 0.7550789 0.5477258
v 0.0828709 0.9371240 0.5477258
v 0.1148997 0.7556842 0.5000000
v 0.0832101 0.9372754 0.5000000
v 0.1146550 0.7551167 0.4522742
v 0.0828932 0.9371240 0.4522742
v 0.1139434 0.7533386 0.4059341
v 0.0819536 0.9366701 0.4059341
v 0.1127815 0.7505013 0.3623655
v 0.0804192 0.9359891 0.3623655
v 0.1112136 0.7466425 0.3213238
v 0.0783399 0.9350055 0.3213238
v 0.1092678 0.7418757 0.2826052
v 0.0757714 0.9338327 0.2826052
v 0.1069884 0.7362766 0.2459651
v 0.0727581 0.9324329 0.2459651
v 0.1044087 0.7299209 0.2111591
v 0.0693501 0.9308440 0.2111999
v 0.1015678 0.7229600 0.1779834
v 0.0655973 0.9291038 0.1780241
v 0.0984989 0.7154315 0.1462341
v 0.0615445 0.9272122 0.1462341
v 0.0952465 0.7074490 0.1155852
v 0.0572469 0.9252071 0.1156260
v 0.0918496 0.6990883 0.0858738
v 0.0527548 0.9231264 0.0859146
v 0.0884194 0.6906897 0.0575481
v 0.0482181 0.9210078 0.0575073
v 0.0850837 0.6825937 0.0310971
v 0.0437871 0.9190028 0.0308526
v 0.0825707 0.6765407 0.0116156
v 0.0404570 0.9174895 0.0112488
v 0.0726191 0.6517989 0.0000000
v 0.0273642 0.9112851 0.0000408
v 0.0350475 0.9146900 0.0000815
v 0.0783732 0.6654561 0.0000408
v 0.0668761 0.6381417 0.0000815
v 0.0196864 0.9078803 0.0000815
v 0.0804358 0.6704877 0.9998370
v 0.0377773 0.9159762 0.9997962
v 0.1246233 0.4172815 0.9997962
v 0.1247957 0.4184921 0.9995109
v 0.0806527 0.6711686 0.9995517
v 0.0380330 0.9161276 0.9995517
v 0.0808584 0.6718118 0.9991441
v 0.0382832 0.9163167 0.9991849
v 0.1249569 0.4196648 0.9990626
v 0.1251181 0.4207998 0.9984105
v 0.0810585 0.6724549 0.9985328
v 0.0385222 0.9164681 0.9986143
v 0.0648246 0.6331480 0.9997555
v 0.1143214 0.3514168 0.9997555
v 0.0169733 0.9066319 0.9997147
v 0.0167565 0.9064805 0.9993479
v 0.0646411 0.6325805 0.9993479
v 0.1141713 0.3503575 0.9993479
v 0.0644854 0.6320509 0.9987366
v 0.1140434 0.3494496 0.9987366
v 0.0165730 0.9063670 0.9986958
v 0.0164285 0.9062536 0.9977992
v 0.0643631 0.6316347 0.9978399
v 0.1139434 0.3487308 0.9978399
v 0.0641519 0.6309538 0.9936420
v 0.0161783 0.9060644 0.9936420
v 0.1137710 0.3474823 0.9936420
v 0.1138044 0.3477472 0.9952723
v 0.0641908 0.6310673 0.9952723
v 0.0162284 0.9061022 0.9952723
v 0.0642630 0.6312942 0.9966987
v 0.0163117 0.9061779 0.9966580
v 0.1138600 0.3481633 0.9966987
v 0.0641519 0.6309538 0.0063580
v 0.1137710 0.3474823 0.0063580
v 0.0161783 0.9060644 0.0063580
v 0.0162284 0.9061022 0.0047277
v 0.0641908 0.6310673 0.0047277
v 0.1138044 0.3477472 0.0047277
v 0.0642630 0.6312942 0.0033013
v 0.1138600 0.3481633 0.0033013
v 0.0163117 0.9061779 0.0033420
v 0.0164285 0.9062536 0.0022008
v 0.0643631 0.6316347 0.0021601
v 0.1139434 0.3487308 0.0021601
v 0.1352477 0.2350850 0.9997555
v 0.1420248 0.2025877 0.9997555
v 0.1351142 0.2338744 0.9993479
v 0.1418969 0.2013014 0.9993479
v 0.1350031 0.2328151 0.9987366
v 0.1417913 0.2002043 0.9987366
v 0.1349085 0.2319450 0.9978399
v 0.1417079 0.1993342 0.9978399
v 0.1434814 0.3119964 0.9997962
v 0.1497748 0.2817691 0.9997962
v 0.1499194 0.2832445 0.9995109
v 0.1436315 0.3134340 0.9995109
v 0.1437760 0.3147959 0.9990219
v 0.1500528 0.2846442 0.9990219
v 0.1501862 0.2859683 0.9983698
v 0.1439150 0.3160822 0.9983698
v 0.1442931 0.3195627 0.9951908
v 0.1505365 0.2895623 0.9951908
v 0.1255462 0.4237885 0.9953130
v 0.1254128 0.4228427 0.9965357
v 0.1441763 0.3184656 0.9964135
v 0.1504253 0.2884273 0.9964135
v 0.1440485 0.3172928 0.9974731
v 0.1503086 0.2872546 0.9974731
v 0.1252682 0.4218212 0.9975546
v 0.1442931 0.3195627 0.0048092
v 0.1255462 0.4237885 0.0046870
v 0.1505365 0.2895623 0.0048092
v 0.1504253 0.2884273 0.0035865
v 0.1441763 0.3184656 0.0035865
v 0.1254128 0.4228427 0.0034643
v 0.1440485 0.3173306 0.0025269
v 0.1252682 0.4218212 0.0024454
v 0.1503086 0.2872546 0.0025269
v 0.1501862 0.2859683 0.0016302
v 0.1439150 0.3160822 0.0016302
v 0.1251181 0.4207998 0.0015895
v 0.1434814 0.3119964 0.0002038
v 0.1497748 0.2817691 0.0002038
v 0.1246233 0.4172815 0.0002038
v 0.1247957 0.4184921 0.0004891
v 0.1436315 0.3134340 0.0004891
v 0.1499194 0.2832445 0.0004891
v 0.1437760 0.3147959 0.0009781
v 0.1500528 0.2846442 0.0009781
v 0.1249569 0.4196648 0.0009374
v 0.1352477 0.2350850 0.0002445
v 0.1143214 0.3514168 0.0002445
v 0.1420248 0.2025877 0.0002445
v 0.1418969 0.2013014 0.0006521
v 0.1351142 0.2338744 0.0006521
v 0.1141713 0.3503575 0.0006521
v 0.1350031 0.2328151 0.0012634
v 0.1140434 0.3494496 0.0012634
v 0.1417913 0.2002043 0.0012634
v 0.1417079 0.1993342 0.0021601
v 0.1349085 0.2319450 0.0021601
v 0.1347529 0.2305074 0.0063580
v 0.1415633 0.1978588 0.0063580
v 0.1347862 0.2308100 0.0047277
v 0.1415911 0.1981615 0.0047277
v 0.1348362 0.2313019 0.0033013
v 0.1416412 0.1986532 0.0033013
v 0.1347529 0.2305074 0.9936420
v 0.1415633 0.1978588 0.9936420
v 0.1415911 0.1981615 0.9952723
v 0.1347862 0.2308100 0.9952723
v 0.1348362 0.2313019 0.9966987
v 0.1416412 0.1986532 0.9966987
v 0.1490687 0.1721712 0.9997555
v 0.1563407 0.1441003 0.9997555
v 0.1489520 0.1708471 0.9993479
v 0.1562350 0.1427761 0.9993479
v 0.1488575 0.1697499 0.9987366
v 0.1561461 0.1416033 0.9987366
v 0.1487741 0.1688420 0.9978399
v 0.1560683 0.1406954 0.9978399
v 0.1562629 0.2537359 0.9997962
v 0.1629399 0.2280105 0.9997962
v 0.1630622 0.2295616 0.9995109
v 0.1563963 0.2552492 0.9995109
v 0.1565241 0.2567246 0.9990219
v 0.1631789 0.2310370 0.9990219
v 0.1632901 0.2324368 0.9983698
v 0.1566465 0.2580865 0.9983698
v 0.1569745 0.2617940 0.9951908
v 0.1635903 0.2362578 0.9951908
v 0.1568688 0.2606212 0.9964135
v 0.1634958 0.2350471 0.9964135
v 0.1567632 0.2593728 0.9974731
v 0.1633958 0.2337987 0.9974731
v 0.1569745 0.2617940 0.0048092
v 0.1635903 0.2362578 0.0048092
v 0.1634958 0.2350471 0.0035865
v 0.1568744 0.2606212 0.0035865
v 0.1567632 0.2594106 0.0025269
v 0.1633958 0.2337987 0.0025269
v 0.1632901 0.2324368 0.0016302
v 0.1566465 0.2580865 0.0016302
v 0.1562629 0.2537359 0.0002038
v 0.1629399 0.2280105 0.0002038
v 0.1563963 0.2552492 0.0004891
v 0.1630622 0.2295616 0.0004891
v 0.1565241 0.2567246 0.0009781
v 0.1631789 0.2310370 0.0009781
v 0.1490687 0.1721712 0.0002445
v 0.1563407 0.1441003 0.0002445
v 0.1562350 0.1427761 0.0006521
v 0.1489520 0.1708471 0.0006521
v 0.1488575 0.1697499 0.0012634
v 0.1561461 0.1416033 0.0012634
v 0.1560683 0.1406954 0.0021601
v 0.1487741 0.1688420 0.0021601
v 0.1486407 0.1673288 0.0063580
v 0.1559459 0.1391065 0.0063580
v 0.1486685 0.1676314 0.0047277
v 0.1559737 0.1394470 0.0047277
v 0.1487129 0.1681232 0.0033013
v 0.1560126 0.1399387 0.0033013
v 0.1486407 0.1673288 0.9936420
v 0.1559459 0.1391065 0.9936420
v 0.1559737 0.1394470 0.9952723
v 0.1486685 0.1676314 0.9952723
v 0.1487129 0.1681232 0.9966987
v 0.1560126 0.1399387 0.9966987
v 0.1637905 0.1185639 0.9997555
v 0.1714071 0.0955245 0.9997555
v 0.1636960 0.1171642 0.9993479
v 0.1713237 0.0941248 0.9993479
v 0.1636126 0.1159914 0.9987366
v 0.1712514 0.0929142 0.9987366
v 0.1635459 0.1150456 0.9978399
v 0.1711903 0.0919306 0.9978399
v 0.1697781 0.2045549 0.9997962
v 0.1767665 0.1834072 0.9997962
v 0.1768666 0.1850338 0.9995109
v 0.1698894 0.2061439 0.9995109
v 0.1699950 0.2076572 0.9990219
v 0.1769611 0.1866228 0.9990219
v 0.1770501 0.1880982 0.9983698
v 0.1700951 0.2090947 0.9983698
v 0.1703675 0.2129913 0.9951908
v 0.1772947 0.1920705 0.9951908
v 0.1702785 0.2117808 0.9964135
v 0.1772169 0.1908221 0.9964135
v 0.1701895 0.2104945 0.9974731
v 0.1771390 0.1894980 0.9974731
v 0.1703675 0.2130292 0.0048092
v 0.1772947 0.1920705 0.0048092
v 0.1772169 0.1908221 0.0035865
v 0.1702785 0.2117808 0.0035865
v 0.1701895 0.2104945 0.0025269
v 0.1771390 0.1894980 0.0025269
v 0.1770501 0.1880982 0.0016302
v 0.1700951 0.2090947 0.0016302
v 0.1697781 0.2045549 0.0002038
v 0.1767665 0.1834072 0.0002038
v 0.1698894 0.2061439 0.0004891
v 0.1768666 0.1850338 0.0004891
v 0.1699950 0.2076572 0.0009781
v 0.1769611 0.1866228 0.0009781
v 0.1637905 0.1185639 0.0002445
v 0.1714071 0.0955245 0.0002445
v 0.1713237 0.0941248 0.0006521
v 0.1636960 0.1171642 0.0006521
v 0.1636126 0.1159914 0.0012634
v 0.1712514 0.0929142 0.0012634
v 0.1711903 0.0919306 0.0021601
v 0.1635459 0.1150456 0.0021601
v 0.1634347 0.1134189 0.0063580
v 0.1710902 0.0903039 0.0063580
v 0.1634569 0.1137593 0.0047277
v 0.1711124 0.0906443 0.0047277
v 0.1634958 0.1142890 0.0033013
v 0.1711458 0.0911739 0.0033013
v 0.1634347 0.1134189 0.9936420
v 0.1710902 0.0903039 0.9936420
v 0.1711124 0.0906443 0.9952723
v 0.1634569 0.1137593 0.9952723
v 0.1634958 0.1142890 0.9966987
v 0.1711458 0.0911739 0.9966987
v 0.1791794 0.0750956 0.9997555
v 0.1870851 0.0572770 0.9997555
v 0.1791016 0.0736579 0.9993479
v 0.1870184 0.0558015 0.9993479
v 0.1790404 0.0724473 0.9987366
v 0.1869628 0.0545909 0.9987366
v 0.1789848 0.0714260 0.9978399
v 0.1869183 0.0535695 0.9978399
v 0.1838995 0.1646806 0.9997962
v 0.1911547 0.1482995 0.9997962
v 0.1912325 0.1500019 0.9995109
v 0.1839884 0.1663073 0.9995109
v 0.1840718 0.1678962 0.9990219
v 0.1913048 0.1515909 0.9990219
v 0.1913715 0.1531419 0.9983698
v 0.1841496 0.1694095 0.9983698
v 0.1843665 0.1734953 0.9951908
v 0.1915550 0.1572655 0.9951908
v 0.1842942 0.1722090 0.9964135
v 0.1914994 0.1559793 0.9964135
v 0.1842275 0.1708471 0.9974731
v 0.1914382 0.1545795 0.9974731
v 0.1843665 0.1734953 0.0048092
v 0.1915550 0.1572655 0.0048092
v 0.1914994 0.1559793 0.0035865
v 0.1842942 0.1722090 0.0035865
v 0.1842275 0.1708471 0.0025269
v 0.1914382 0.1545795 0.0025269
v 0.1913715 0.1531419 0.0016302
v 0.1841496 0.1694095 0.0016302
v 0.1838995 0.1646806 0.0002038
v 0.1911547 0.1482995 0.0002038
v 0.1839884 0.1663073 0.0004891
v 0.1912325 0.1500019 0.0004891
v 0.1840718 0.1678962 0.0009781
v 0.1913048 0.1515909 0.0009781
v 0.1791794 0.0750956 0.0002445
v 0.1870851 0.0572770 0.0002445
v 0.1870184 0.0558015 0.0006521
v 0.1791016 0.0736579 0.0006521
v 0.1790404 0.0724473 0.0012634
v 0.1869628 0.0545909 0.0012634
v 0.1869183 0.0535695 0.0021601
v 0.1789848 0.0714260 0.0021601
v 0.1788958 0.0697613 0.0063580
v 0.1868460 0.0518670 0.0063580
v 0.1789181 0.0701018 0.0047277
v 0.1868572 0.0522075 0.0047277
v 0.1789459 0.0706692 0.0033013
v 0.1868850 0.0527750 0.0033013
v 0.1788958 0.0697613 0.9936420
v 0.1868460 0.0518670 0.9936420
v 0.1868572 0.0522075 0.9952723
v 0.1789181 0.0701018 0.9952723
v 0.1789459 0.0706692 0.9966987
v 0.1868850 0.0527750 0.9966987
v 0.1951187 0.0421065 0.9997555
v 0.2032579 0.0296221 0.9997555
v 0.1950631 0.0406310 0.9993479
v 0.2032134 0.0281088 0.9993479
v 0.1950186 0.0393826 0.9987366
v 0.2031745 0.0268604 0.9987366
v 0.1949797 0.0383234 0.9978399
v 0.2031467 0.0258012 0.9978399
v 0.1985267 0.1343775 0.9997962
v 0.2059988 0.1229146 0.9997962
v 0.2060488 0.1246548 0.9995109
v 0.1985878 0.1360799 0.9995109
v 0.1986490 0.1377445 0.9990219
v 0.2060988 0.1263194 0.9990219
v 0.2061433 0.1278705 0.9983698
v 0.1987102 0.1392956 0.9983698
v 0.1988603 0.1434571 0.9951908
v 0.2062656 0.1321076 0.9951908
v 0.1988158 0.1421330 0.9964135
v 0.2062267 0.1307835 0.9964135
v 0.1987602 0.1407711 0.9974731
v 0.2061878 0.1293460 0.9974731
v 0.1988603 0.1434571 0.0048092
v 0.2062656 0.1321076 0.0048092
v 0.2062267 0.1307835 0.0035865
v 0.1988158 0.1421708 0.0035865
v 0.1987602 0.1407711 0.0025269
v 0.2061878 0.1293837 0.0025269
v 0.2061433 0.1278705 0.0016302
v 0.1987102 0.1392956 0.0016302
v 0.1985267 0.1343775 0.0002038
v 0.2059988 0.1229146 0.0002038
v 0.1985878 0.1360799 0.0004891
v 0.2060488 0.1246548 0.0004891
v 0.1986490 0.1377445 0.0009781
v 0.2060988 0.1263194 0.0009781
v 0.1951187 0.0421065 0.0002445
v 0.2032579 0.0296221 0.0002445
v 0.2032134 0.0281088 0.0006521
v 0.1950631 0.0406310 0.0006521
v 0.1950186 0.0393826 0.0012634
v 0.2031745 0.0268604 0.0012634
v 0.2031467 0.0258012 0.0021601
v 0.1949797 0.0383234 0.0021601
v 0.1949130 0.0366210 0.0063580
v 0.2030967 0.0240609 0.0063580
v 0.1949297 0.0369615 0.0047277
v 0.2031022 0.0244013 0.0047277
v 0.1949463 0.0375288 0.0033013
v 0.2031189 0.0250067 0.0033013
v 0.1949130 0.0366210 0.9936420
v 0.2030967 0.0240609 0.9936420
v 0.2031022 0.0244013 0.9952723
v 0.1949297 0.0369615 0.9952723
v 0.1949463 0.0375288 0.9966987
v 0.2031189 0.0250067 0.9966987
v 0.2114916 0.0198616 0.9997555
v 0.2197587 0.0128628 0.9997555
v 0.2114583 0.0183483 0.9993479
v 0.2197365 0.0113117 0.9993479
v 0.2114305 0.0170621 0.9987366
v 0.2197198 0.0100254 0.9987366
v 0.2114082 0.0160028 0.9978399
v 0.2197031 0.0089661 0.9978399
v 0.2135542 0.1139486 0.9997962
v 0.2211819 0.1075171 0.9997962
v 0.2212098 0.1092574 0.9995109
v 0.2135931 0.1156887 0.9995109
v 0.2136321 0.1173533 0.9990219
v 0.2212320 0.1109599 0.9990219
v 0.2212598 0.1125488 0.9983698
v 0.2136654 0.1189423 0.9983698
v 0.2137599 0.1232172 0.9951908
v 0.2213209 0.1168237 0.9951908
v 0.2137266 0.1218931 0.9964135
v 0.2213043 0.1154996 0.9964135
v 0.2136988 0.1204556 0.9974731
v 0.2212820 0.1140621 0.9974731
v 0.2137599 0.1232172 0.0048092
v 0.2213209 0.1168237 0.0048092
v 0.2213043 0.1154996 0.0035865
v 0.2137266 0.1218931 0.0035865
v 0.2136988 0.1204556 0.0025269
v 0.2212820 0.1140621 0.0025269
v 0.2212598 0.1125488 0.0016302
v 0.2136654 0.1189423 0.0016302
v 0.2135542 0.1139486 0.0002038
v 0.2211819 0.1075171 0.0002038
v 0.2135931 0.1156887 0.0004891
v 0.2212098 0.1092574 0.0004891
v 0.2136321 0.1173533 0.0009781
v 0.2212320 0.1109599 0.0009781
v 0.2114916 0.0198616 0.0002445
v 0.2197587 0.0128628 0.0002445
v 0.2197365 0.0113117 0.0006521
v 0.2114583 0.0183483 0.0006521
v 0.2114305 0.0170621 0.0012634
v 0.2197198 0.0100254 0.0012634
v 0.2197031 0.0089661 0.0021601
v 0.2114082 0.0160028 0.0021601
v 0.2113693 0.0142625 0.0063580
v 0.2196753 0.0072258 0.0063580
v 0.2113748 0.0146030 0.0047277
v 0.2196809 0.0075663 0.0047277
v 0.2113916 0.0151705 0.0033013
v 0.2196920 0.0081338 0.0033013
v 0.2113693 0.0142625 0.9936420
v 0.2196753 0.0072258 0.9936420
v 0.2196809 0.0075663 0.9952723
v 0.2113748 0.0146030 0.9952723
v 0.2113916 0.0151705 0.9966987
v 0.2196920 0.0081338 0.9966987
v 0.2279980 0.0086635 0.9997555
v 0.2985100 0.0065827 0.9997555
v 0.2279869 0.0071502 0.9993479
v 0.2985045 0.0050695 0.9993479
v 0.2279757 0.0058261 0.9987366
v 0.2984989 0.0037454 0.9987366
v 0.2279646 0.0047668 0.9978399
v 0.2984933 0.0026861 0.9978399
v 0.2288653 0.1036205 0.9997962
v 0.2989048 0.1016911 0.9997962
v 0.2989103 0.1034314 0.9995109
v 0.2288764 0.1053986 0.9995109
v 0.2288931 0.1070632 0.9990219
v 0.2989159 0.1051337 0.9990219
v 0.2989214 0.1067227 0.9983698
v 0.2289098 0.1086900 0.9983698
v 0.2289487 0.1130027 0.9951908
v 0.2989381 0.1110354 0.9951908
v 0.2289376 0.1116407 0.9964135
v 0.2989325 0.1097114 0.9964135
v 0.2289209 0.1102032 0.9974731
v 0.2989270 0.1082738 0.9974731
v 0.2289487 0.1130027 0.0048092
v 0.2989381 0.1110734 0.0048092
v 0.2989325 0.1097114 0.0035865
v 0.2289376 0.1116407 0.0035865
v 0.2289209 0.1102032 0.0025269
v 0.2989270 0.1082738 0.0025269
v 0.2989214 0.1067227 0.0016302
v 0.2289098 0.1086900 0.0016302
v 0.2288653 0.1036205 0.0002038
v 0.2989048 0.1016911 0.0002038
v 0.2288764 0.1053986 0.0004891
v 0.2989103 0.1034314 0.0004891
v 0.2288931 0.1070632 0.0009781
v 0.2989159 0.1051337 0.0009781
v 0.2279980 0.0086635 0.0002445
v 0.2985100 0.0065827 0.0002445
v 0.2985045 0.0050695 0.0006521
v 0.2279869 0.0071502 0.0006521
v 0.2279757 0.0058261 0.0012634
v 0.2984989 0.0037454 0.0012634
v 0.2984933 0.0026861 0.0021601
v 0.2279646 0.0047668 0.0021601
v 0.2279479 0.0030266 0.0063580
v 0.2984878 0.0009081 0.0063580
v 0.2279535 0.0033671 0.0047277
v 0.2984878 0.0012863 0.0047277
v 0.2279535 0.0039723 0.0033013
v 0.2984933 0.0018538 0.0033013
v 0.2279479 0.0030266 0.9936420
v 0.2984878 0.0009081 0.9936420
v 0.2984878 0.0012863 0.9952723
v 0.2279535 0.0033671 0.9952723
v 0.2279535 0.0039723 0.9966987
v 0.2984933 0.0018538 0.9966987
v 0.4936009 0.0059017 0.9997555
v 0.6886919 0.0065449 0.9997555
v 0.4936009 0.0043507 0.9993479
v 0.6886974 0.0050316 0.9993479
v 0.4936009 0.0030644 0.9987366
v 0.6887030 0.0037454 0.9987366
v 0.4936009 0.0020051 0.9978399
v 0.6887030 0.0026482 0.9978399
v 0.4936065 0.1010480 0.9997962
v 0.6883193 0.1016533 0.9997962
v 0.6883138 0.1034314 0.9995109
v 0.4936065 0.1027883 0.9995109
v 0.4936065 0.1044906 0.9990219
v 0.6883082 0.1050960 0.9990219
v 0.6883027 0.1067227 0.9983698
v 0.4936065 0.1060795 0.9983698
v 0.4936120 0.1103923 0.9951908
v 0.6882860 0.1110354 0.9951908
v 0.4936120 0.1090682 0.9964135
v 0.6882916 0.1096735 0.9964135
v 0.4936120 0.1075928 0.9974731
v 0.6882971 0.1082360 0.9974731
v 0.4936120 0.1104302 0.0048092
v 0.6882860 0.1110354 0.0048092
v 0.6882916 0.1096735 0.0035865
v 0.4936120 0.1090682 0.0035865
v 0.4936120 0.1076307 0.0025269
v 0.6882971 0.1082360 0.0025269
v 0.6883027 0.1067227 0.0016302
v 0.4936065 0.1060795 0.0016302
v 0.4936065 0.1010480 0.0002038
v 0.6883193 0.1016533 0.0002038
v 0.4936065 0.1027883 0.0004891
v 0.6883138 0.1034314 0.0004891
v 0.4936065 0.1044906 0.0009781
v 0.6883082 0.1050960 0.0009781
v 0.4936009 0.0059017 0.0002445
v 0.6886919 0.0065449 0.0002445
v 0.6886974 0.0050316 0.0006521
v 0.4936009 0.0043507 0.0006521
v 0.4936009 0.0030644 0.0012634
v 0.6887030 0.0037454 0.0012634
v 0.6887030 0.0026482 0.0021601
v 0.4936009 0.0020051 0.0021601
v 0.4936009 0.0002271 0.0063580
v 0.6887141 0.0009081 0.0063580
v 0.4936009 0.0005675 0.0047277
v 0.6887085 0.0012485 0.0047277
v 0.4936009 0.0011728 0.0033013
v 0.6887085 0.0018538 0.0033013
v 0.4936009 0.0002271 0.9936420
v 0.6887141 0.0009081 0.9936420
v 0.6887085 0.0012485 0.9952723
v 0.4936009 0.0005675 0.9952723
v 0.4936009 0.0011728 0.9966987
v 0.6887085 0.0018538 0.9966987
v 0.7592039 0.0085499 0.9997555
v 0.7674432 0.0125223 0.9997555
v 0.7592150 0.0069989 0.9993479
v 0.7674655 0.0110089 0.9993479
v 0.7592261 0.0057126 0.9987366
v 0.7674821 0.0097228 0.9987366
v 0.7592372 0.0046533 0.9978399
v 0.7674988 0.0086635 0.9978399
v 0.7583755 0.1035070 0.9997962
v 0.7660811 0.1072523 0.9997962
v 0.7660588 0.1089926 0.9995109
v 0.7583644 0.1052851 0.9995109
v 0.7583477 0.1069497 0.9990219
v 0.7660366 0.1106572 0.9990219
v 0.7660144 0.1122840 0.9983698
v 0.7583366 0.1085764 0.9983698
v 0.7582976 0.1128893 0.9951908
v 0.7659476 0.1165589 0.9951908
v 0.7583088 0.1115273 0.9964135
v 0.7659699 0.1151970 0.9964135
v 0.7583199 0.1100897 0.9974731
v 0.7659921 0.1137972 0.9974731
v 0.7582976 0.1128893 0.0048092
v 0.7659476 0.1165589 0.0048092
v 0.7659699 0.1152348 0.0035865
v 0.7583088 0.1115273 0.0035865
v 0.7583199 0.1100897 0.0025269
v 0.7659921 0.1137972 0.0025269
v 0.7660144 0.1122840 0.0016302
v 0.7583366 0.1085764 0.0016302
v 0.7583755 0.1035070 0.0002038
v 0.7660811 0.1072523 0.0002038
v 0.7583644 0.1052851 0.0004891
v 0.7660588 0.1089926 0.0004891
v 0.7583477 0.1069497 0.0009781
v 0.7660366 0.1106572 0.0009781
v 0.7592039 0.0085499 0.0002445
v 0.7674432 0.0125223 0.0002445
v 0.7674655 0.0110089 0.0006521
v 0.7592150 0.0069989 0.0006521
v 0.7592261 0.0057126 0.0012634
v 0.7674821 0.0097228 0.0012634
v 0.7674988 0.0086635 0.0021601
v 0.7592372 0.0046533 0.0021601
v 0.7592539 0.0028753 0.0063580
v 0.7675210 0.0068854 0.0063580
v 0.7592483 0.0032535 0.0047277
v 0.7675155 0.0072258 0.0047277
v 0.7592428 0.0038211 0.0033013
v 0.7675099 0.0078311 0.0033013
v 0.7592539 0.0028753 0.9936420
v 0.7675210 0.0068854 0.9936420
v 0.7675155 0.0072258 0.9952723
v 0.7592483 0.0032535 0.9952723
v 0.7592428 0.0038211 0.9966987
v 0.7675099 0.0078311 0.9966987
v 0.7757102 0.0192185 0.9997555
v 0.7839551 0.0285250 0.9997555
v 0.7757436 0.0177052 0.9993479
v 0.7839940 0.0270496 0.9993479
v 0.7757714 0.0164189 0.9987366
v 0.7840329 0.0257632 0.9987366
v 0.7757937 0.0153596 0.9978399
v 0.7840607 0.0247040 0.9978399
v 0.7737422 0.1134189 0.9997962
v 0.7813365 0.1220066 0.9997962
v 0.7812865 0.1237469 0.9995109
v 0.7737033 0.1151591 0.9995109
v 0.7736699 0.1168237 0.9990219
v 0.7812421 0.1253737 0.9990219
v 0.7811976 0.1269626 0.9983698
v 0.7736365 0.1184126 0.9983698
v 0.7735476 0.1226876 0.9951908
v 0.7810808 0.1311997 0.9951908
v 0.7735754 0.1213256 0.9964135
v 0.7811142 0.1298756 0.9964135
v 0.7736031 0.1199259 0.9974731
v 0.7811531 0.1284380 0.9974731
v 0.7735476 0.1226876 0.0048092
v 0.7810753 0.1311997 0.0048092
v 0.7811142 0.1298756 0.0035865
v 0.7735754 0.1213256 0.0035865
v 0.7736031 0.1199259 0.0025269
v 0.7811531 0.1284758 0.0025269
v 0.7811976 0.1269626 0.0016302
v 0.7736365 0.1184126 0.0016302
v 0.7737422 0.1134189 0.0002038
v 0.7813365 0.1220066 0.0002038
v 0.7737033 0.1151591 0.0004891
v 0.7812865 0.1237469 0.0004891
v 0.7736699 0.1168237 0.0009781
v 0.7812421 0.1253737 0.0009781
v 0.7757102 0.0192185 0.0002445
v 0.7839551 0.0285250 0.0002445
v 0.7839940 0.0270496 0.0006521
v 0.7757436 0.0177052 0.0006521
v 0.7757714 0.0164189 0.0012634
v 0.7840329 0.0257632 0.0012634
v 0.7840607 0.0247040 0.0021601
v 0.7757937 0.0153596 0.0021601
v 0.7758270 0.0136194 0.0063580
v 0.7841108 0.0229637 0.0063580
v 0.7758215 0.0139599 0.0047277
v 0.7840996 0.0233042 0.0047277
v 0.7758104 0.0145273 0.0033013
v 0.7840829 0.0239095 0.0033013
v 0.7758270 0.0136194 0.9936420
v 0.7841108 0.0229637 0.9936420
v 0.7840996 0.0233042 0.9952723
v 0.7758215 0.0139599 0.9952723
v 0.7758104 0.0145273 0.9966987
v 0.7840829 0.0239095 0.9966987
v 0.7921054 0.0404798 0.9997555
v 0.8001613 0.0549692 0.9997555
v 0.7921610 0.0389665 0.9993479
v 0.8002280 0.0534938 0.9993479
v 0.7922055 0.0377180 0.9987366
v 0.8002780 0.0522454 0.9987366
v 0.7922389 0.0366966 0.9978399
v 0.8003225 0.0512239 0.9978399
v 0.7888475 0.1329777 0.9997962
v 0.7962751 0.1463323 0.9997962
v 0.7962028 0.1480347 0.9995109
v 0.7887919 0.1347180 0.9995109
v 0.7887307 0.1363447 0.9990219
v 0.7961305 0.1496615 0.9990219
v 0.7960639 0.1512126 0.9983698
v 0.7886752 0.1378959 0.9983698
v 0.7885307 0.1420952 0.9951908
v 0.7958915 0.1553361 0.9951908
v 0.7885751 0.1407711 0.9964135
v 0.7959471 0.1540499 0.9964135
v 0.7886252 0.1393713 0.9974731
v 0.7960027 0.1526502 0.9974731
v 0.7885307 0.1420952 0.0048092
v 0.7958915 0.1553361 0.0048092
v 0.7959471 0.1540499 0.0035865
v 0.7885751 0.1407711 0.0035865
v 0.7886252 0.1393713 0.0025269
v 0.7960027 0.1526502 0.0025269
v 0.7960639 0.1512126 0.0016302
v 0.7886752 0.1378959 0.0016302
v 0.7888475 0.1329777 0.0002038
v 0.7962751 0.1463323 0.0002038
v 0.7887919 0.1347180 0.0004891
v 0.7962028 0.1480347 0.0004891
v 0.7887307 0.1363447 0.0009781
v 0.7961305 0.1496615 0.0009781
v 0.7921054 0.0404798 0.0002445
v 0.8001613 0.0549692 0.0002445
v 0.8002280 0.0534938 0.0006521
v 0.7921610 0.0389665 0.0006521
v 0.7922055 0.0377180 0.0012634
v 0.8002780 0.0522454 0.0012634
v 0.8003225 0.0512239 0.0021601
v 0.7922389 0.0366966 0.0021601
v 0.7923000 0.0349563 0.0063580
v 0.8003947 0.0495215 0.0063580
v 0.7922889 0.0352969 0.0047277
v 0.8003781 0.0498619 0.0047277
v 0.7922722 0.0358643 0.0033013
v 0.8003558 0.0504294 0.0033013
v 0.7923000 0.0349563 0.9936420
v 0.8003947 0.0495215 0.9936420
v 0.8003781 0.0498619 0.9952723
v 0.7922889 0.0352969 0.9952723
v 0.7922722 0.0358643 0.9966987
v 0.8003558 0.0504294 0.9966987
v 0.8081059 0.0719933 0.9997555
v 0.8159226 0.0915523 0.9997555
v 0.8081782 0.0705558 0.9993479
v 0.8160061 0.0901146 0.9993479
v 0.8082393 0.0693073 0.9987366
v 0.8160783 0.0889041 0.9987366
v 0.8082893 0.0683238 0.9978399
v 0.8161339 0.0879204 0.9978399
v 0.8035915 0.1620324 0.9997962
v 0.8107967 0.1800780 0.9997962
v 0.8106967 0.1817047 0.9995109
v 0.8035081 0.1637348 0.9995109
v 0.8034303 0.1653237 0.9990219
v 0.8106077 0.1832558 0.9990219
v 0.8105243 0.1847691 0.9983698
v 0.8033525 0.1668369 0.9983698
v 0.8031467 0.1709228 0.9951908
v 0.8102908 0.1887792 0.9951908
v 0.8032134 0.1696364 0.9964135
v 0.8103630 0.1875308 0.9964135
v 0.8032802 0.1682745 0.9974731
v 0.8104409 0.1861688 0.9974731
v 0.8031467 0.1709228 0.0048092
v 0.8102908 0.1887792 0.0048092
v 0.8103630 0.1875308 0.0035865
v 0.8032134 0.1696364 0.0035865
v 0.8032802 0.1682745 0.0025269
v 0.8104409 0.1861688 0.0025269
v 0.8105243 0.1847691 0.0016302
v 0.8033525 0.1668369 0.0016302
v 0.8035915 0.1620324 0.0002038
v 0.8107967 0.1800780 0.0002038
v 0.8035081 0.1637348 0.0004891
v 0.8106967 0.1817047 0.0004891
v 0.8034303 0.1653237 0.0009781
v 0.8106077 0.1832558 0.0009781
v 0.8081059 0.0719933 0.0002445
v 0.8159226 0.0915523 0.0002445
v 0.8160061 0.0901146 0.0006521
v 0.8081782 0.0705558 0.0006521
v 0.8082393 0.0693073 0.0012634
v 0.8160783 0.0889041 0.0012634
v 0.8161339 0.0879204 0.0021601
v 0.8082893 0.0683238 0.0021601
v 0.8083727 0.0666592 0.0063580
v 0.8162284 0.0862937 0.0063580
v 0.8083560 0.0669618 0.0047277
v 0.8162117 0.0865963 0.0047277
v 0.8083282 0.0675292 0.0033013
v 0.8161784 0.0871638 0.0033013
v 0.8083727 0.0666592 0.9936420
v 0.8162284 0.0862937 0.9936420
v 0.8162117 0.0865963 0.9952723
v 0.8083560 0.0669618 0.9952723
v 0.8083282 0.0675292 0.9966987
v 0.8161784 0.0871638 0.9966987
v 0.8236004 0.1135702 0.9997555
v 0.8311280 0.1380472 0.9997555
v 0.8236949 0.1121704 0.9993479
v 0.8312281 0.1366853 0.9993479
v 0.8237727 0.1109976 0.9987366
v 0.8313171 0.1355503 0.9987366
v 0.8238339 0.1100141 0.9978399
v 0.8313838 0.1345667 0.9978399
v 0.8178685 0.2003557 0.9997962
v 0.8248068 0.2229032 0.9997962
v 0.8246845 0.2244921 0.9995109
v 0.8177628 0.2019824 0.9995109
v 0.8176628 0.2034956 0.9990219
v 0.8245733 0.2260053 0.9990219
v 0.8244677 0.2274052 0.9983698
v 0.8175627 0.2049711 0.9983698
v 0.8173069 0.2089056 0.9951908
v 0.8241841 0.2312639 0.9951908
v 0.8173847 0.2076572 0.9964135
v 0.8242730 0.2300533 0.9964135
v 0.8174737 0.2063708 0.9974731
v 0.8243676 0.2287671 0.9974731
v 0.8173069 0.2089056 0.0048092
v 0.8241786 0.2312639 0.0048092
v 0.8242730 0.2300533 0.0035865
v 0.8173847 0.2076572 0.0035865
v 0.8174737 0.2063708 0.0025269
v 0.8243676 0.2287671 0.0025269
v 0.8244677 0.2274052 0.0016302
v 0.8175627 0.2049711 0.0016302
v 0.8178685 0.2003557 0.0002038
v 0.8248068 0.2229032 0.0002038
v 0.8177628 0.2019824 0.0004891
v 0.8246845 0.2244921 0.0004891
v 0.8176628 0.2034956 0.0009781
v 0.8245733 0.2260053 0.0009781
v 0.8236004 0.1135702 0.0002445
v 0.8311280 0.1380472 0.0002445
v 0.8312281 0.1366853 0.0006521
v 0.8236949 0.1121704 0.0006521
v 0.8237727 0.1109976 0.0012634
v 0.8313171 0.1355503 0.0012634
v 0.8313838 0.1345667 0.0021601
v 0.8238339 0.1100141 0.0021601
v 0.8239451 0.1084251 0.0063580
v 0.8315061 0.1330155 0.0063580
v 0.8239229 0.1087277 0.0047277
v 0.8314783 0.1333182 0.0047277
v 0.8238840 0.1092574 0.0033013
v 0.8314394 0.1338479 0.0033013
v 0.8239451 0.1084251 0.9936420
v 0.8315061 0.1330155 0.9936420
v 0.8314783 0.1333182 0.9952723
v 0.8239229 0.1087277 0.9952723
v 0.8238840 0.1092574 0.9966987
v 0.8314394 0.1338479 0.9966987
v 0.8384889 0.1649454 0.9997555
v 0.8456385 0.1940756 0.9997555
v 0.8386001 0.1636213 0.9993479
v 0.8457609 0.1927894 0.9993479
v 0.8386947 0.1624863 0.9987366
v 0.8458609 0.1916923 0.9987366
v 0.8387725 0.1615783 0.9978399
v 0.8459443 0.1907843 0.9978399
v 0.8315839 0.2476828 0.9997962
v 0.8381999 0.2746567 0.9997962
v 0.8380664 0.2761699 0.9995109
v 0.8314561 0.2492339 0.9995109
v 0.8313338 0.2507094 0.9990219
v 0.8379330 0.2775698 0.9990219
v 0.8378051 0.2789316 0.9983698
v 0.8312226 0.2521091 0.9983698
v 0.8309057 0.2558545 0.9951908
v 0.8374715 0.2826014 0.9951908
v 0.8310057 0.2546816 0.9964135
v 0.8375772 0.2814664 0.9964135
v 0.8311113 0.2533954 0.9974731
v 0.8376884 0.2802179 0.9974731
v 0.8309057 0.2558545 0.0048092
v 0.8374715 0.2826014 0.0048092
v 0.8375772 0.2814664 0.0035865
v 0.8310057 0.2546816 0.0035865
v 0.8311113 0.2534332 0.0025269
v 0.8376884 0.2802179 0.0025269
v 0.8378051 0.2789316 0.0016302
v 0.8312226 0.2521091 0.0016302
v 0.8315839 0.2476828 0.0002038
v 0.8381999 0.2746567 0.0002038
v 0.8314561 0.2492339 0.0004891
v 0.8380664 0.2761699 0.0004891
v 0.8313338 0.2507094 0.0009781
v 0.8379330 0.2776075 0.0009781
v 0.8384889 0.1649454 0.0002445
v 0.8456385 0.1940756 0.0002445
v 0.8457609 0.1927894 0.0006521
v 0.8386001 0.1636213 0.0006521
v 0.8386947 0.1624863 0.0012634
v 0.8458609 0.1916923 0.0012634
v 0.8459443 0.1907843 0.0021601
v 0.8387725 0.1615783 0.0021601
v 0.8389003 0.1600273 0.0063580
v 0.8460833 0.1892710 0.0063580
v 0.8388726 0.1603299 0.0047277
v 0.8460555 0.1895737 0.0047277
v 0.8388281 0.1608595 0.0033013
v 0.8460054 0.1900655 0.0033013
v 0.8389003 0.1600273 0.9936420
v 0.8460833 0.1892710 0.9936420
v 0.8460555 0.1895737 0.9952723
v 0.8388726 0.1603299 0.9952723
v 0.8388281 0.1608595 0.9966987
v 0.8460054 0.1900655 0.9966987
v 0.8525324 0.2252488 0.9997555
v 0.8750598 0.3419590 0.9997555
v 0.8526602 0.2240004 0.9993479
v 0.8752043 0.3408618 0.9993479
v 0.8527659 0.2229411 0.9987366
v 0.8753267 0.3399539 0.9987366
v 0.8528548 0.2220331 0.9978399
v 0.8754267 0.3391972 0.9978399
v 0.8446378 0.3037870 0.9997962
v 0.8649191 0.4093747 0.9997962
v 0.8647523 0.4106609 0.9995109
v 0.8444877 0.3052246 0.9995109
v 0.8443487 0.3066243 0.9990219
v 0.8645911 0.4118337 0.9990626
v 0.8644410 0.4129687 0.9984105
v 0.8442153 0.3079484 0.9983698
v 0.8438594 0.3115046 0.9951908
v 0.8640241 0.4160330 0.9953130
v 0.8439707 0.3104075 0.9964135
v 0.8641520 0.4150872 0.9965357
v 0.8440874 0.3091969 0.9974731
v 0.8642909 0.4140658 0.9975546
v 0.8438594 0.3115046 0.0048092
v 0.8640185 0.4160330 0.0046870
v 0.8641520 0.4150872 0.0034643
v 0.8439707 0.3104075 0.0035865
v 0.8440874 0.3091969 0.0025269
v 0.8642909 0.4140658 0.0024454
v 0.8644354 0.4129687 0.0015895
v 0.8442153 0.3079484 0.0016302
v 0.8446378 0.3037870 0.0002038
v 0.8649191 0.4093747 0.0002038
v 0.8444877 0.3052246 0.0004891
v 0.8647523 0.4106609 0.0004891
v 0.8443487 0.3066243 0.0009781
v 0.8645911 0.4118337 0.0009374
v 0.8525324 0.2252488 0.0002445
v 0.8750598 0.3419590 0.0002445
v 0.8752043 0.3408618 0.0006521
v 0.8526602 0.2240004 0.0006521
v 0.8527659 0.2229411 0.0012634
v 0.8753267 0.3399539 0.0012634
v 0.8754267 0.3391972 0.0021601
v 0.8528548 0.2220331 0.0021601
v 0.8530050 0.2205955 0.0063580
v 0.8755935 0.3379110 0.0063580
v 0.8529716 0.2208603 0.0047277
v 0.8755601 0.3381758 0.0047277
v 0.8529216 0.2213521 0.0033013
v 0.8755045 0.3385919 0.0033013
v 0.8530050 0.2205955 0.9936420
v 0.8755935 0.3379110 0.9936420
v 0.8755601 0.3381758 0.9952723
v 0.8529716 0.2208603 0.9952723
v 0.8529216 0.2213521 0.9966987
v 0.8755045 0.3385919 0.9966987
v 0.9291211 0.6275867 0.9997555
v 0.9815089 0.9053078 0.9997147
v 0.9292989 0.6269814 0.9993479
v 0.9817256 0.9051564 0.9993479
v 0.9294546 0.6264518 0.9987366
v 0.9819037 0.9050429 0.9986958
v 0.9295770 0.6260356 0.9978399
v 0.9820537 0.9049295 0.9977992
v 0.9130761 0.6658344 0.9998370
v 0.9596765 0.9148791 0.9997962
v 0.9594208 0.9150683 0.9995925
v 0.9128648 0.6665532 0.9995517
v 0.9126592 0.6672342 0.9991441
v 0.9591762 0.9152196 0.9991849
v 0.9589315 0.9154088 0.9986550
v 0.9124645 0.6678773 0.9985328
v 0.9119086 0.6696175 0.9957206
v 0.9582532 0.9158249 0.9961282
v 0.9120866 0.6690879 0.9968210
v 0.9584700 0.9156736 0.9971063
v 0.9122700 0.6684826 0.9977584
v 0.9586980 0.9155601 0.9979622
v 0.9119086 0.6696175 0.0042794
v 0.9582532 0.9158249 0.0038718
v 0.9584700 0.9156736 0.0028937
v 0.9120866 0.6690879 0.0031382
v 0.9122700 0.6684826 0.0022008
v 0.9586980 0.9155601 0.0020378
v 0.9589315 0.9154088 0.0013450
v 0.9124645 0.6678773 0.0014672
v 0.9130761 0.6658344 0.0001630
v 0.9596765 0.9148791 0.0002038
v 0.9128648 0.6665532 0.0004483
v 0.9594208 0.9150683 0.0004075
v 0.9126592 0.6672342 0.0008559
v 0.9591762 0.9152196 0.0008151
v 0.9291211 0.6275867 0.0002445
v 0.9815089 0.9053078 0.0002853
v 0.9817256 0.9051564 0.0006521
v 0.9292989 0.6269814 0.0006521
v 0.9294546 0.6264518 0.0012634
v 0.9819037 0.9050429 0.0013042
v 0.9820537 0.9049295 0.0022008
v 0.9295770 0.6260356 0.0021601
v 0.9297826 0.6253168 0.0063580
v 0.9822983 0.9047403 0.0063580
v 0.9297438 0.6254682 0.0047277
v 0.9822483 0.9047781 0.0047277
v 0.9296714 0.6256952 0.0033013
v 0.9821705 0.9048538 0.0033420
v 0.9297826 0.6253168 0.9936420
v 0.9822983 0.9047403 0.9936420
v 0.9822483 0.9047781 0.9952723
v 0.9297438 0.6254682 0.9952723
v 0.9296714 0.6256952 0.9966987
v 0.9821705 0.9048538 0.9966580
v 0.0816145 0.6741573 0.9956798
v 0.0392005 0.9168842 0.9960466
v 0.0389781 0.9167707 0.9970655
v 0.0814366 0.6736277 0.9967802
v 0.0812531 0.6730602 0.9977584
v 0.0387557 0.9166194 0.9979214
v 0.0816200 0.6741573 0.0043202
v 0.0392005 0.9168842 0.0039534
v 0.0814366 0.6736277 0.0031790
v 0.0389781 0.9167707 0.0029345
v 0.0812531 0.6730602 0.0022416
v 0.0387557 0.9166194 0.0020786
v 0.0810585 0.6724549 0.0014672
v 0.0385222 0.9164681 0.0013857
v 0.0804358 0.6704877 0.0001630
v 0.0377773 0.9159762 0.0002038
v 0.0380330 0.9161276 0.0004483
v 0.0806527 0.6711686 0.0004483
v 0.0808584 0.6718118 0.0008559
v 0.0382832 0.9163167 0.0008151
v 0.0648246 0.6331480 0.0002445
v 0.0169733 0.9066319 0.0002853
v 0.0646411 0.6325805 0.0006521
v 0.0167565 0.9064805 0.0006521
v 0.0644854 0.6320509 0.0012634
v 0.0165730 0.9063670 0.0013042
v 0.0122144 0.9981463 0.9998778
v 0.0038917 0.9981463 0.9998370
v 0.0205426 0.9981463 0.9998370
v 0.0204536 0.9986381 0.9996332
v 0.0121254 0.9986381 0.9997147
v 0.0038083 0.9986381 0.9996739
v 0.0120531 0.9990542 0.9993886
v 0.0037416 0.9990542 0.9993886
v 0.0203814 0.9990542 0.9993479
v 0.0203146 0.9993947 0.9988996
v 0.0119975 0.9993947 0.9989811
v 0.0036860 0.9993947 0.9989811
v 0.0001000 0.9981463 0.5000000
v 0.0001112 0.9981463 0.1306652
v 0.0001112 0.9981463 0.8693348
v 0.0000445 0.9986381 0.8692941
v 0.0000389 0.9986381 0.5000000
v 0.0000445 0.9986381 0.1307059
v 0.0000056 0.9990542 0.5000000
v 0.0000111 0.9990542 0.1307059
v 0.0000111 0.9990542 0.8692941
v 0.0000056 0.9993947 0.8692534
v 0.0000000 0.9993947 0.5000000
v 0.0000056 0.9993947 0.1307466
v 0.9871686 0.9982219 0.9998778
v 0.9783844 0.9982219 0.9998370
v 0.9959471 0.9982219 0.9998370
v 0.9960360 0.9987137 0.9996739
v 0.9872575 0.9987137 0.9997147
v 0.9784734 0.9987137 0.9996332
v 0.9873298 0.9990920 0.9993886
v 0.9785512 0.9990920 0.9993479
v 0.9961084 0.9991299 0.9993886
v 0.9961640 0.9994325 0.9989811
v 0.9873909 0.9994325 0.9989811
v 0.9786123 0.9994325 0.9988996
v 0.9685884 0.9982219 0.9691881
v 0.9635792 0.9982219 0.9424519
v 0.9723579 0.9982219 0.9889142
v 0.9724579 0.9987137 0.9887512
v 0.9686886 0.9987137 0.9690659
v 0.9636848 0.9987137 0.9422889
v 0.9687886 0.9990920 0.9687806
v 0.9637850 0.9990920 0.9420443
v 0.9725580 0.9991299 0.9885067
v 0.9726525 0.9994325 0.9881399
v 0.9688886 0.9994325 0.9684138
v 0.9638851 0.9994325 0.9416775
v 0.9584588 0.9982219 0.9140039
v 0.9533886 0.9982219 0.8843332
v 0.9585646 0.9987137 0.9138816
v 0.9534942 0.9987137 0.8841702
v 0.9586647 0.9990920 0.9135963
v 0.9535999 0.9990920 0.8839257
v 0.9587647 0.9994325 0.9132703
v 0.9536999 0.9994325 0.8835996
v 0.9485406 0.9982219 0.8536844
v 0.9439707 0.9982219 0.8218944
v 0.9486463 0.9987137 0.8535621
v 0.9440763 0.9987137 0.8217721
v 0.9487519 0.9990920 0.8533176
v 0.9441819 0.9990920 0.8215683
v 0.9488520 0.9994325 0.8529915
v 0.9442876 0.9994325 0.8212423
v 0.9397287 0.9982219 0.7887594
v 0.9358815 0.9982219 0.7539534
v 0.9398399 0.9987137 0.7886371
v 0.9359872 0.9987137 0.7538311
v 0.9399455 0.9990920 0.7883926
v 0.9360983 0.9990920 0.7536681
v 0.9400567 0.9994325 0.7881073
v 0.9362095 0.9994325 0.7533828
v 0.9324735 0.9982219 0.7173134
v 0.9295603 0.9982219 0.6786355
v 0.9325847 0.9987137 0.7172318
v 0.9296714 0.9987137 0.6785540
v 0.9326959 0.9990920 0.7170688
v 0.9297882 0.9990920 0.6783909
v 0.9328071 0.9994325 0.7168243
v 0.9299049 0.9994325 0.6782279
v 0.9272030 0.9982219 0.6375937
v 0.9254573 0.9982219 0.5940659
v 0.9273197 0.9987137 0.6375530
v 0.9255684 0.9987137 0.5939843
v 0.9274366 0.9990920 0.6374307
v 0.9256908 0.9990920 0.5939436
v 0.9275533 0.9994325 0.6372677
v 0.9258076 0.9994325 0.5938213
v 0.9243732 0.9982219 0.5477258
v 0.9239895 0.9982219 0.5000000
v 0.9244900 0.9987137 0.5476850
v 0.9241063 0.9987137 0.5000000
v 0.9246066 0.9990920 0.5476443
v 0.9242231 0.9990920 0.5000000
v 0.9247290 0.9994325 0.5476035
v 0.9243454 0.9994325 0.5000000
v 0.9243510 0.9982219 0.4522742
v 0.9254128 0.9982219 0.4059341
v 0.9244622 0.9987137 0.4523150
v 0.9255296 0.9987137 0.4059749
v 0.9245844 0.9990920 0.4523557
v 0.9256463 0.9990920 0.4060564
v 0.9247068 0.9994325 0.4523965
v 0.9257686 0.9994325 0.4061787
v 0.9271474 0.9982219 0.3624063
v 0.9294935 0.9982219 0.3213645
v 0.9272586 0.9987137 0.3624470
v 0.9296048 0.9987137 0.3214460
v 0.9273753 0.9990920 0.3625693
v 0.9297215 0.9990920 0.3216091
v 0.9274977 0.9994325 0.3626916
v 0.9298382 0.9994325 0.3217721
v 0.9323957 0.9982219 0.2826866
v 0.9358036 0.9982219 0.2460466
v 0.9325068 0.9987137 0.2827682
v 0.9359149 0.9987137 0.2461689
v 0.9326235 0.9990920 0.2829312
v 0.9360260 0.9990920 0.2463319
v 0.9327348 0.9994325 0.2831757
v 0.9361372 0.9994325 0.2466172
v 0.9396565 0.9982219 0.2112406
v 0.9439040 0.9982219 0.1781056
v 0.9397677 0.9987137 0.2113629
v 0.9440096 0.9987137 0.1782279
v 0.9398733 0.9990920 0.2116074
v 0.9441152 0.9990920 0.1784317
v 0.9399845 0.9994325 0.2118927
v 0.9442208 0.9994325 0.1787577
v 0.9484795 0.9982219 0.1463156
v 0.9533385 0.9982219 0.1156668
v 0.9485852 0.9987137 0.1464379
v 0.9534442 0.9987137 0.1158298
v 0.9486908 0.9990920 0.1466824
v 0.9535443 0.9990920 0.1160743
v 0.9487908 0.9994325 0.1470085
v 0.9536443 0.9994325 0.1164004
v 0.9584200 0.9982219 0.0859961
v 0.9635515 0.9982219 0.0575481
v 0.9585200 0.9987137 0.0861184
v 0.9636571 0.9987137 0.0577111
v 0.9586257 0.9990920 0.0864037
v 0.9637572 0.9990920 0.0579557
v 0.9587257 0.9994325 0.0867297
v 0.9638573 0.9994325 0.0583225
v 0.9685717 0.9982219 0.0308119
v 0.9723523 0.9982219 0.0110858
v 0.9686774 0.9987137 0.0309341
v 0.9724524 0.9987137 0.0112488
v 0.9687775 0.9991299 0.0312194
v 0.9725524 0.9991299 0.0114933
v 0.9688720 0.9994325 0.0315862
v 0.9726469 0.9994325 0.0118601
v 0.9871686 0.9982219 0.0001222
v 0.9959471 0.9982219 0.0001630
v 0.9783844 0.9982219 0.0001630
v 0.9784734 0.9987137 0.0003668
v 0.9872575 0.9987137 0.0002853
v 0.9960360 0.9987137 0.0003261
v 0.9873298 0.9990920 0.0006114
v 0.9961084 0.9991299 0.0006114
v 0.9785512 0.9990920 0.0006521
v 0.9786123 0.9994325 0.0011004
v 0.9873909 0.9994325 0.0010189
v 0.9961640 0.9994325 0.0010189
v 0.9998889 0.9982219 0.5000000
v 0.9998833 0.9982219 0.8693348
v 0.9998833 0.9982219 0.1306652
v 0.9999501 0.9987137 0.1307059
v 0.9999555 0.9987137 0.5000000
v 0.9999501 0.9987137 0.8692941
v 0.9999945 0.9990920 0.5000000
v 0.9999889 0.9990920 0.8692941
v 0.9999889 0.9990920 0.1307059
v 1.0000000 0.9994325 0.1307466
v 1.0000000 0.9994325 0.5000000
v 1.0000000 0.9994325 0.8692534
v 0.0299438 0.9981463 0.9691474
v 0.0263468 0.9981463 0.9887920
v 0.0347195 0.9981463 0.9424111
v 0.0346194 0.9986381 0.9422481
v 0.0298382 0.9986381 0.9689844
v 0.0262412 0.9986381 0.9886697
v 0.0297437 0.9990542 0.9687398
v 0.0261467 0.9990542 0.9883844
v 0.0345194 0.9990542 0.9420036
v 0.0344193 0.9993947 0.9416775
v 0.0296436 0.9993947 0.9683730
v 0.0260521 0.9993947 0.9880176
v 0.0396119 0.9981463 0.9140039
v 0.0444599 0.9981463 0.8843332
v 0.0443598 0.9986381 0.8841702
v 0.0395119 0.9986381 0.9138816
v 0.0394118 0.9990542 0.9136371
v 0.0442597 0.9990542 0.8839257
v 0.0441597 0.9993947 0.8835996
v 0.0393117 0.9993947 0.9132703
v 0.0490965 0.9981463 0.8536844
v 0.0534663 0.9981463 0.8218944
v 0.0533663 0.9986381 0.8217721
v 0.0489909 0.9986381 0.8535621
v 0.0488908 0.9990542 0.8533176
v 0.0532607 0.9990542 0.8215683
v 0.0531550 0.9993947 0.8212423
v 0.0487907 0.9993947 0.8529915
v 0.0575248 0.9981463 0.7887594
v 0.0612053 0.9981463 0.7539534
v 0.0610997 0.9986381 0.7538719
v 0.0574137 0.9986381 0.7886371
v 0.0573080 0.9990542 0.7884333
v 0.0609885 0.9990542 0.7536681
v 0.0608773 0.9993947 0.7534235
v 0.0572024 0.9993947 0.7881480
v 0.0644632 0.9981463 0.7173134
v 0.0672485 0.9981463 0.6786355
v 0.0671374 0.9986381 0.6785540
v 0.0643576 0.9986381 0.7172318
v 0.0642464 0.9990542 0.7170688
v 0.0670261 0.9990542 0.6784317
v 0.0669094 0.9993947 0.6782279
v 0.0641352 0.9993947 0.7168650
v 0.0695002 0.9981463 0.6375937
v 0.0711736 0.9981463 0.5940659
v 0.0710624 0.9986381 0.5940251
v 0.0693890 0.9986381 0.6375530
v 0.0692778 0.9990542 0.6374307
v 0.0709456 0.9990542 0.5939436
v 0.0708289 0.9993947 0.5938213
v 0.0691610 0.9993947 0.6373084
v 0.0722077 0.9981463 0.5477258
v 0.0725746 0.9981463 0.5000000
v 0.0724634 0.9986381 0.5000000
v 0.0720965 0.9986381 0.5476850
v 0.0719797 0.9990542 0.5476443
v 0.0723467 0.9990542 0.5000000
v 0.0722244 0.9993947 0.5000000
v 0.0718630 0.9993947 0.5476035
v 0.0722299 0.9981463 0.4522742
v 0.0712125 0.9981463 0.4059341
v 0.0711013 0.9986381 0.4059749
v 0.0721187 0.9986381 0.4523150
v 0.0720020 0.9990542 0.4523557
v 0.0709846 0.9990542 0.4060564
v 0.0708678 0.9993947 0.4061379
v 0.0718852 0.9993947 0.4523965
v 0.0695558 0.9981463 0.3624063
v 0.0673097 0.9981463 0.3213645
v 0.0672041 0.9986381 0.3214460
v 0.0694446 0.9986381 0.3624470
v 0.0693334 0.9990542 0.3625693
v 0.0670873 0.9990542 0.3215683
v 0.0669761 0.9993947 0.3217721
v 0.0692111 0.9993947 0.3626916
v 0.0645355 0.9981463 0.2826866
v 0.0612776 0.9981463 0.2460466
v 0.0611719 0.9986381 0.2461281
v 0.0644243 0.9986381 0.2827682
v 0.0643131 0.9990542 0.2829312
v 0.0610608 0.9990542 0.2463319
v 0.0609495 0.9993947 0.2465765
v 0.0642019 0.9993947 0.2831350
v 0.0575916 0.9981463 0.2112406
v 0.0535331 0.9981463 0.1781056
v 0.0534274 0.9986381 0.1782279
v 0.0574859 0.9986381 0.2113629
v 0.0573803 0.9990542 0.2115667
v 0.0533218 0.9990542 0.1784317
v 0.0532218 0.9993947 0.1787577
v 0.0572747 0.9993947 0.2118520
v 0.0491577 0.9981463 0.1463156
v 0.0445099 0.9981463 0.1156668
v 0.0444098 0.9986381 0.1158298
v 0.0490520 0.9986381 0.1464379
v 0.0489464 0.9990542 0.1466824
v 0.0443042 0.9990542 0.1160743
v 0.0442042 0.9993947 0.1164004
v 0.0488464 0.9993947 0.1470085
v 0.0396508 0.9981463 0.0859961
v 0.0347473 0.9981463 0.0575889
v 0.0346416 0.9986381 0.0577519
v 0.0395508 0.9986381 0.0861184
v 0.0394507 0.9990542 0.0863629
v 0.0345416 0.9990542 0.0579964
v 0.0344470 0.9993947 0.0583225
v 0.0393506 0.9993947 0.0867297
v 0.0299549 0.9981463 0.0308526
v 0.0263468 0.9981463 0.0112080
v 0.0262467 0.9986381 0.0113303
v 0.0298549 0.9986381 0.0310156
v 0.0297548 0.9990542 0.0312602
v 0.0261522 0.9990542 0.0116156
v 0.0260576 0.9993947 0.0119416
v 0.0296603 0.9993947 0.0316270
v 0.0122144 0.9981463 0.0001222
v 0.0205426 0.9981463 0.0001630
v 0.0038917 0.9981463 0.0001630
v 0.0038083 0.9986381 0.0003261
v 0.0121254 0.9986381 0.0002853
v 0.0204536 0.9986381 0.0003668
v 0.0120531 0.9990542 0.0006114
v 0.0203814 0.9990542 0.0006521
v 0.0037416 0.9990542 0.0006114
v 0.0036860 0.9993947 0.0010189
v 0.0119975 0.9993947 0.0010189
v 0.0203146 0.9993947 0.0011004
v 0.0234947 0.9981463 0.9997147
v 0.0237616 0.9981463 0.9995109
v 0.0236726 0.9986381 0.9993072
v 0.0234057 0.9986381 0.9995517
v 0.0233335 0.9990542 0.9992256
v 0.0235948 0.9990542 0.9990219
v 0.0235225 0.9993947 0.9986143
v 0.0232668 0.9993947 0.9988180
v 0.0240229 0.9981463 0.9991034
v 0.0242786 0.9981463 0.9985735
v 0.0241841 0.9986381 0.9984105
v 0.0239339 0.9986381 0.9989403
v 0.0238505 0.9990542 0.9986550
v 0.0240952 0.9990542 0.9981252
v 0.0240173 0.9993947 0.9977177
v 0.0237727 0.9993947 0.9982475
v 0.0009562 0.9981463 0.9996332
v 0.0007338 0.9981463 0.9992664
v 0.0008784 0.9986381 0.9995109
v 0.0006560 0.9986381 0.9991441
v 0.0008117 0.9990542 0.9992256
v 0.0005949 0.9990542 0.9988996
v 0.0007616 0.9993947 0.9988996
v 0.0005504 0.9993947 0.9986143
v 0.0005448 0.9981463 0.9986550
v 0.0003892 0.9981463 0.9977584
v 0.0004670 0.9986381 0.9985328
v 0.0003169 0.9986381 0.9976769
v 0.0004114 0.9990542 0.9983290
v 0.0002669 0.9990542 0.9975139
v 0.0003780 0.9993947 0.9980844
v 0.0002390 0.9993947 0.9972693
v 0.0001334 0.9981463 0.9936012
v 0.0001834 0.9981463 0.9952315
v 0.0001167 0.9986381 0.9951908
v 0.0000667 0.9986381 0.9935605
v 0.0000278 0.9990542 0.9935197
v 0.0000723 0.9990542 0.9951092
v 0.0000556 0.9993947 0.9949869
v 0.0000166 0.9993947 0.9934790
v 0.0002724 0.9981463 0.9966172
v 0.0002001 0.9986381 0.9965765
v 0.0001556 0.9990542 0.9964542
v 0.0001278 0.9993947 0.9962912
v 0.0001334 0.9981463 0.0063988
v 0.0001834 0.9981463 0.0047685
v 0.0000667 0.9986381 0.0064395
v 0.0001167 0.9986381 0.0048092
v 0.0000278 0.9990542 0.0064803
v 0.0000723 0.9990542 0.0048908
v 0.0000166 0.9993947 0.0065210
v 0.0000556 0.9993947 0.0050131
v 0.0002724 0.9981463 0.0033828
v 0.0003892 0.9981463 0.0022416
v 0.0002001 0.9986381 0.0034235
v 0.0003169 0.9986381 0.0023231
v 0.0001556 0.9990542 0.0035458
v 0.0002669 0.9990542 0.0024861
v 0.0001278 0.9993947 0.0037088
v 0.0002390 0.9993947 0.0027307
v 0.9990327 0.9982219 0.9996332
v 0.9992606 0.9982219 0.9992664
v 0.9993440 0.9987137 0.9991441
v 0.9991216 0.9987137 0.9995109
v 0.9991883 0.9991299 0.9992256
v 0.9994052 0.9991299 0.9988996
v 0.9994496 0.9994325 0.9986143
v 0.9992439 0.9994325 0.9988996
v 0.9994496 0.9982219 0.9986550
v 0.9996052 0.9982219 0.9977584
v 0.9996776 0.9987137 0.9976769
v 0.9995274 0.9987137 0.9985328
v 0.9995886 0.9991299 0.9983290
v 0.9997331 0.9991299 0.9975139
v 0.9997610 0.9994325 0.9972693
v 0.9996276 0.9994325 0.9980844
v 0.9752710 0.9982219 0.9997147
v 0.9750042 0.9982219 0.9995109
v 0.9753655 0.9987137 0.9995517
v 0.9750987 0.9987137 0.9993072
v 0.9754434 0.9990920 0.9992256
v 0.9751821 0.9990920 0.9990219
v 0.9755102 0.9994325 0.9988180
v 0.9752488 0.9994325 0.9986143
v 0.9747429 0.9982219 0.9991441
v 0.9744928 0.9982219 0.9986143
v 0.9748374 0.9987137 0.9989403
v 0.9745873 0.9987137 0.9984513
v 0.9749264 0.9990920 0.9986550
v 0.9746762 0.9990920 0.9981660
v 0.9749987 0.9994325 0.9982475
v 0.9747540 0.9994325 0.9977584
v 0.9737699 0.9982219 0.9961689
v 0.9740035 0.9982219 0.9971471
v 0.9741036 0.9987137 0.9969841
v 0.9738700 0.9987137 0.9960059
v 0.9739646 0.9991299 0.9957614
v 0.9741980 0.9990920 0.9966987
v 0.9742814 0.9994325 0.9963319
v 0.9740591 0.9994325 0.9953945
v 0.9742425 0.9982219 0.9979622
v 0.9743426 0.9987137 0.9977992
v 0.9744316 0.9990920 0.9975139
v 0.9745150 0.9994325 0.9971063
v 0.9737643 0.9982219 0.0038311
v 0.9740035 0.9982219 0.0028529
v 0.9738700 0.9987137 0.0039534
v 0.9741036 0.9987137 0.0030159
v 0.9739646 0.9991299 0.0042386
v 0.9741980 0.9990920 0.0033013
v 0.9740536 0.9994325 0.0046055
v 0.9742814 0.9994325 0.0036681
v 0.9742425 0.9982219 0.0020378
v 0.9744928 0.9982219 0.0013857
v 0.9743426 0.9987137 0.0022008
v 0.9745873 0.9987137 0.0015487
v 0.9744316 0.9990920 0.0024861
v 0.9746762 0.9990920 0.0018340
v 0.9745150 0.9994325 0.0028937
v 0.9747540 0.9994325 0.0022416
v 0.9752710 0.9982219 0.0002853
v 0.9750042 0.9982219 0.0004891
v 0.9750987 0.9987137 0.0006928
v 0.9753655 0.9987137 0.0004483
v 0.9754434 0.9990920 0.0007744
v 0.9751821 0.9990920 0.0009781
v 0.9752488 0.9994325 0.0013857
v 0.9755102 0.9994325 0.0011820
v 0.9747429 0.9982219 0.0008559
v 0.9748374 0.9987137 0.0010597
v 0.9749264 0.9990920 0.0013450
v 0.9749987 0.9994325 0.0017525
v 0.9990327 0.9982219 0.0003668
v 0.9992606 0.9982219 0.0007336
v 0.9991216 0.9987137 0.0004891
v 0.9993440 0.9987137 0.0008559
v 0.9991883 0.9991299 0.0007744
v 0.9994052 0.9991299 0.0011004
v 0.9992439 0.9994325 0.0011004
v 0.9994496 0.9994325 0.0013857
v 0.9994496 0.9982219 0.0013450
v 0.9996052 0.9982219 0.0022416
v 0.9995274 0.9987137 0.0014672
v 0.9996776 0.9987137 0.0023231
v 0.9995886 0.9991299 0.0016710
v 0.9997331 0.9991299 0.0024861
v 0.9996276 0.9994325 0.0019156
v 0.9997610 0.9994325 0.0027307
v 0.9998611 0.9982219 0.0063988
v 0.9998055 0.9982219 0.0047685
v 0.9998777 0.9987137 0.0048092
v 0.9999277 0.9987137 0.0064395
v 0.9999667 0.9990920 0.0064803
v 0.9999222 0.9990920 0.0048908
v 0.9999445 0.9994325 0.0050131
v 0.9999834 0.9994325 0.0065210
v 0.9997220 0.9982219 0.0033828
v 0.9997944 0.9987137 0.0034235
v 0.9998444 0.9990920 0.0035458
v 0.9998722 0.9994325 0.0037088
v 0.9998611 0.9982219 0.9936012
v 0.9998055 0.9982219 0.9952315
v 0.9999277 0.9987137 0.9935605
v 0.9998777 0.9987137 0.9951908
v 0.9999667 0.9990920 0.9935197
v 0.9999222 0.9990920 0.9951092
v 0.9999834 0.9994325 0.9934790
v 0.9999445 0.9994325 0.9949869
v 0.9997220 0.9982219 0.9966172
v 0.9997944 0.9987137 0.9965765
v 0.9998444 0.9990920 0.9964542
v 0.9998722 0.9994325 0.9962912
v 0.0249903 0.9981463 0.9960874
v 0.0247623 0.9981463 0.9970655
v 0.0248957 0.9986381 0.9959244
v 0.0246622 0.9986381 0.9969025
v 0.0247957 0.9990542 0.9956391
v 0.0245733 0.9990542 0.9966172
v 0.0247067 0.9993947 0.9952723
v 0.0244843 0.9993947 0.9962504
v 0.0245232 0.9981463 0.9978807
v 0.0244232 0.9986381 0.9977177
v 0.0243342 0.9990542 0.9974731
v 0.0242564 0.9993947 0.9970655
v 0.0249958 0.9981463 0.0039126
v 0.0247623 0.9981463 0.0029345
v 0.0246622 0.9986381 0.0030975
v 0.0248957 0.9986381 0.0040756
v 0.0248012 0.9990542 0.0043202
v 0.0245733 0.9990542 0.0033420
v 0.0244843 0.9993947 0.0037496
v 0.0247067 0.9993947 0.0046870
v 0.0245232 0.9981463 0.0020786
v 0.0242786 0.9981463 0.0014265
v 0.0241841 0.9986381 0.0015895
v 0.0244287 0.9986381 0.0022823
v 0.0243342 0.9990542 0.0025269
v 0.0240952 0.9990542 0.0018748
v 0.0240173 0.9993947 0.0022823
v 0.0242564 0.9993947 0.0029345
v 0.0234947 0.9981463 0.0002853
v 0.0237616 0.9981463 0.0004891
v 0.0234057 0.9986381 0.0004483
v 0.0236726 0.9986381 0.0006928
v 0.0233335 0.9990542 0.0007744
v 0.0235948 0.9990542 0.0009781
v 0.0232668 0.9993947 0.0011820
v 0.0235225 0.9993947 0.0013857
v 0.0240229 0.9981463 0.0008966
v 0.0239339 0.9986381 0.0010597
v 0.0238505 0.9990542 0.0013450
v 0.0237727 0.9993947 0.0017525
v 0.0009562 0.9981463 0.0003668
v 0.0007338 0.9981463 0.0007336
v 0.0006560 0.9986381 0.0008559
v 0.0008784 0.9986381 0.0004891
v 0.0008117 0.9990542 0.0007744
v 0.0005949 0.9990542 0.0011004
v 0.0005504 0.9993947 0.0013857
v 0.0007616 0.9993947 0.0011004
v 0.0005448 0.9981463 0.0013450
v 0.0004670 0.9986381 0.0014672
v 0.0004114 0.9990542 0.0016710
v 0.0003780 0.9993947 0.0019156
v 0.0231389 0.9999622 0.9967802
v 0.0202090 0.9999622 0.9969025
v 0.0202313 0.9998487 0.9976769
v 0.0231722 0.9998487 0.9975954
v 0.0233835 0.9999622 0.9966172
v 0.0234169 0.9998487 0.9973916
v 0.0232112 0.9996595 0.9982475
v 0.0234669 0.9996595 0.9980437
v 0.0202702 0.9996595 0.9983698
v 0.0236115 0.9999622 0.9962912
v 0.0236559 0.9998487 0.9970655
v 0.0238338 0.9999622 0.9958428
v 0.0238839 0.9998487 0.9965765
v 0.0237115 0.9996595 0.9977177
v 0.0239506 0.9996595 0.9971878
v 0.0240451 0.9999622 0.9952315
v 0.0241118 0.9998487 0.9959651
v 0.0242564 0.9999622 0.9944979
v 0.0243287 0.9998487 0.9951908
v 0.0241785 0.9996595 0.9965765
v 0.0244009 0.9996595 0.9957614
v 0.0244676 0.9999622 0.9935605
v 0.0245399 0.9998487 0.9942533
v 0.0257964 0.9999622 0.9863466
v 0.0258798 0.9998487 0.9869987
v 0.0246233 0.9996595 0.9948239
v 0.0259632 0.9996595 0.9875693
v 0.0293767 0.9999622 0.9667020
v 0.0294657 0.9998487 0.9673541
v 0.0341469 0.9999622 0.9400065
v 0.0342358 0.9998487 0.9406586
v 0.0295546 0.9996595 0.9679247
v 0.0343248 0.9996595 0.9412292
v 0.0390337 0.9999622 0.9116400
v 0.0391227 0.9998487 0.9122921
v 0.0438706 0.9999622 0.8820101
v 0.0439651 0.9998487 0.8826215
v 0.0392172 0.9996595 0.9128220
v 0.0440595 0.9996595 0.8831513
v 0.0484906 0.9999622 0.8514835
v 0.0485906 0.9998487 0.8520949
v 0.0528437 0.9999622 0.8198158
v 0.0529494 0.9998487 0.8203864
v 0.0486907 0.9996595 0.8525840
v 0.0530494 0.9996595 0.8208755
v 0.0568800 0.9999622 0.7868031
v 0.0569911 0.9998487 0.7873329
v 0.0605437 0.9999622 0.7522008
v 0.0606549 0.9998487 0.7526899
v 0.0570968 0.9996595 0.7877812
v 0.0607716 0.9996595 0.7530975
v 0.0637849 0.9999622 0.7158053
v 0.0639017 0.9998487 0.7162129
v 0.0665480 0.9999622 0.6773313
v 0.0666703 0.9998487 0.6776981
v 0.0640184 0.9996595 0.7165797
v 0.0667926 0.9996595 0.6779834
v 0.0687886 0.9999622 0.6366156
v 0.0689164 0.9998487 0.6369009
v 0.0704453 0.9999622 0.5933730
v 0.0705787 0.9998487 0.5935768
v 0.0690387 0.9996595 0.6371047
v 0.0707010 0.9996595 0.5936991
v 0.0714738 0.9999622 0.5473590
v 0.0716073 0.9998487 0.5474813
v 0.0718408 0.9999622 0.5000000
v 0.0719742 0.9998487 0.5000000
v 0.0717351 0.9996595 0.5475628
v 0.0721021 0.9996595 0.5000000
v 0.0714960 0.9999622 0.4526003
v 0.0716295 0.9998487 0.4525187
v 0.0704898 0.9999622 0.4066270
v 0.0706176 0.9998487 0.4064232
v 0.0717574 0.9996595 0.4524372
v 0.0707455 0.9996595 0.4063009
v 0.0688441 0.9999622 0.3633844
v 0.0689720 0.9998487 0.3630991
v 0.0666148 0.9999622 0.3226687
v 0.0667371 0.9998487 0.3223019
v 0.0690943 0.9996595 0.3628953
v 0.0668594 0.9996595 0.3220166
v 0.0638572 0.9999622 0.2841947
v 0.0639740 0.9998487 0.2837871
v 0.0606160 0.9999622 0.2477992
v 0.0607272 0.9998487 0.2473101
v 0.0640907 0.9996595 0.2834203
v 0.0608384 0.9996595 0.2469025
v 0.0569522 0.9999622 0.2131969
v 0.0570579 0.9998487 0.2126671
v 0.0529104 0.9999622 0.1801842
v 0.0530160 0.9998487 0.1796136
v 0.0571635 0.9996595 0.2122188
v 0.0531161 0.9996595 0.1791245
v 0.0485517 0.9999622 0.1485165
v 0.0486462 0.9998487 0.1479051
v 0.0439150 0.9999622 0.1179899
v 0.0440096 0.9998487 0.1173785
v 0.0487463 0.9996595 0.1474160
v 0.0441096 0.9996595 0.1168487
v 0.0390671 0.9999622 0.0883600
v 0.0391616 0.9998487 0.0877079
v 0.0341746 0.9999622 0.0599935
v 0.0342636 0.9998487 0.0593414
v 0.0392561 0.9996595 0.0871780
v 0.0343526 0.9996595 0.0587708
v 0.0293934 0.9999622 0.0332980
v 0.0294768 0.9998487 0.0326459
v 0.0258019 0.9999622 0.0136534
v 0.0258798 0.9998487 0.0130013
v 0.0295658 0.9996595 0.0320753
v 0.0259688 0.9996595 0.0124307
v 0.0244676 0.9999622 0.0064395
v 0.0245399 0.9998487 0.0057467
v 0.0242564 0.9999622 0.0055021
v 0.0243287 0.9998487 0.0048092
v 0.0246233 0.9996595 0.0051761
v 0.0244009 0.9996595 0.0042386
v 0.0240507 0.9999622 0.0047685
v 0.0241118 0.9998487 0.0040349
v 0.0238338 0.9999622 0.0041572
v 0.0238839 0.9998487 0.0034235
v 0.0241785 0.9996595 0.0034235
v 0.0239506 0.9996595 0.0027714
v 0.0236115 0.9999622 0.0037088
v 0.0236559 0.9998487 0.0029345
v 0.0233835 0.9999622 0.0033828
v 0.0234169 0.9998487 0.0026084
v 0.0237115 0.9996595 0.0022823
v 0.0234669 0.9996595 0.0019563
v 0.0231389 0.9999622 0.0032198
v 0.0231722 0.9998487 0.0024046
v 0.0202090 0.9999622 0.0030975
v 0.0202313 0.9998487 0.0023231
v 0.0232112 0.9996595 0.0017525
v 0.0202702 0.9996595 0.0016302
v 0.0118975 0.9999622 0.0029752
v 0.0119197 0.9998487 0.0022008
v 0.0036025 1.0000000 0.0028529
v 0.0036137 0.9998487 0.0021193
v 0.0119531 0.9996595 0.0015487
v 0.0036415 0.9996595 0.0015080
v 0.0007060 1.0000000 0.0027714
v 0.0007060 0.9998487 0.0021193
v 0.0005226 1.0000000 0.0028529
v 0.0005115 0.9998487 0.0022823
v 0.0007227 0.9996595 0.0015487
v 0.0005226 0.9996595 0.0017933
v 0.0003836 0.9999622 0.0031790
v 0.0003613 0.9998487 0.0026899
v 0.0002835 0.9999622 0.0037904
v 0.0002446 0.9998487 0.0033420
v 0.0003613 0.9996595 0.0022823
v 0.0002279 0.9996595 0.0030159
v 0.0002001 0.9999622 0.0045240
v 0.0001556 0.9998487 0.0041979
v 0.0001556 0.9999622 0.0055429
v 0.0000945 0.9998487 0.0052983
v 0.0001334 0.9996595 0.0039534
v 0.0000611 0.9996595 0.0051353
v 0.0001445 0.9999622 0.0068470
v 0.0000723 0.9998487 0.0067248
v 0.0001501 0.9999622 0.1309097
v 0.0000723 0.9998487 0.1308282
v 0.0000333 0.9996595 0.0066433
v 0.0000222 0.9996595 0.1307874
v 0.0001501 0.9999622 0.5000000
v 0.0000723 0.9998487 0.5000000
v 0.0001501 0.9999622 0.8690903
v 0.0000723 0.9998487 0.8691718
v 0.0000222 0.9996595 0.5000000
v 0.0000222 0.9996595 0.8692126
v 0.0001445 0.9999622 0.9931530
v 0.0000723 0.9998487 0.9932752
v 0.0001556 0.9999622 0.9944571
v 0.0000945 0.9998487 0.9947017
v 0.0000333 0.9996595 0.9933567
v 0.0000611 0.9996595 0.9948647
v 0.0002001 0.9999622 0.9954760
v 0.0001556 0.9998487 0.9958021
v 0.0002835 0.9999622 0.9962096
v 0.0002446 0.9998487 0.9966580
v 0.0001334 0.9996595 0.9960466
v 0.0002279 0.9996595 0.9969841
v 0.0003836 0.9999622 0.9968210
v 0.0003613 0.9998487 0.9973101
v 0.0005226 0.9999622 0.9971471
v 0.0005115 0.9998487 0.9977177
v 0.0003613 0.9996595 0.9977177
v 0.0005226 0.9996595 0.9982067
v 0.0007060 0.9999622 0.9972286
v 0.0007060 0.9998487 0.9978807
v 0.0036025 0.9999622 0.9971471
v 0.0036137 0.9998487 0.9978807
v 0.0007227 0.9996595 0.9984513
v 0.0036415 0.9996595 0.9984920
v 0.0118975 0.9999622 0.9970248
v 0.0119197 0.9998487 0.9977992
v 0.0119531 0.9996595 0.9984513
v 0.9992996 1.0000000 0.9972286
v 0.9962473 1.0000000 0.9971471
v 0.9962362 0.9998865 0.9978807
v 0.9992996 0.9998865 0.9978807
v 0.9994830 1.0000000 0.9971471
v 0.9994886 0.9998865 0.9977177
v 0.9992773 0.9996973 0.9984513
v 0.9994774 0.9996973 0.9982067
v 0.9962084 0.9996973 0.9984920
v 0.9996164 1.0000000 0.9968210
v 0.9996386 0.9998865 0.9973101
v 0.9997220 1.0000000 0.9962096
v 0.9997554 0.9998865 0.9966580
v 0.9996442 0.9996973 0.9977177
v 0.9997721 0.9996973 0.9969841
v 0.9997999 1.0000000 0.9954760
v 0.9998499 0.9998865 0.9958021
v 0.9998499 1.0000000 0.9944571
v 0.9999055 0.9998865 0.9947017
v 0.9998722 0.9996973 0.9960466
v 0.9999389 0.9996973 0.9948647
v 0.9998611 1.0000000 0.9931530
v 0.9999277 0.9998865 0.9932752
v 0.9998555 1.0000000 0.8690903
v 0.9999333 0.9998865 0.8691718
v 0.9999667 0.9996973 0.9933567
v 0.9999778 0.9996973 0.8692126
v 0.9998499 1.0000000 0.5000000
v 0.9999333 0.9998865 0.5000000
v 0.9998555 1.0000000 0.1309097
v 0.9999333 0.9998865 0.1308282
v 0.9999834 0.9996973 0.5000000
v 0.9999778 0.9996973 0.1307874
v 0.9998611 1.0000000 0.0068470
v 0.9999277 0.9998865 0.0067248
v 0.9998499 1.0000000 0.0055429
v 0.9999055 0.9998865 0.0052983
v 0.9999667 0.9996973 0.0066433
v 0.9999389 0.9996973 0.0051353
v 0.9997999 1.0000000 0.0045240
v 0.9998499 0.9998865 0.0041979
v 0.9997220 1.0000000 0.0037904
v 0.9997554 0.9998865 0.0033420
v 0.9998722 0.9996973 0.0039534
v 0.9997721 0.9996973 0.0030159
v 0.9996164 1.0000000 0.0031790
v 0.9996386 0.9998865 0.0026899
v 0.9994830 1.0000000 0.0028529
v 0.9994886 0.9998865 0.0022823
v 0.9996442 0.9996973 0.0022823
v 0.9994774 0.9996973 0.0017933
v 0.9992996 1.0000000 0.0027714
v 0.9992996 0.9998865 0.0021193
v 0.9962473 1.0000000 0.0028529
v 0.9962362 0.9998865 0.0021193
v 0.9992773 0.9996973 0.0015487
v 0.9962084 0.9996973 0.0015080
v 0.9874910 1.0000000 0.0029752
v 0.9874743 0.9998865 0.0022008
v 0.9787235 1.0000000 0.0030975
v 0.9787013 0.9998865 0.0023231
v 0.9874409 0.9996973 0.0015487
v 0.9786624 0.9996973 0.0016302
v 0.9756380 1.0000000 0.0032198
v 0.9756102 0.9998865 0.0024046
v 0.9753989 1.0000000 0.0033828
v 0.9753600 0.9998865 0.0026084
v 0.9755657 0.9996973 0.0017525
v 0.9753100 0.9996973 0.0019563
v 0.9751654 1.0000000 0.0037088
v 0.9751210 0.9998865 0.0029345
v 0.9749431 1.0000000 0.0041572
v 0.9748874 0.9998865 0.0033828
v 0.9750654 0.9996973 0.0022823
v 0.9748263 0.9996973 0.0027714
v 0.9747207 1.0000000 0.0047277
v 0.9746595 0.9998865 0.0039941
v 0.9745094 1.0000000 0.0054613
v 0.9744371 0.9998865 0.0047685
v 0.9745928 0.9996973 0.0033828
v 0.9743648 0.9996973 0.0041572
v 0.9742982 1.0000000 0.0063580
v 0.9742203 0.9998865 0.0056651
v 0.9729027 1.0000000 0.0135719
v 0.9728248 0.9998865 0.0129198
v 0.9741425 0.9996973 0.0050945
v 0.9727359 0.9996973 0.0123085
v 0.9691389 1.0000000 0.0332572
v 0.9690498 0.9998865 0.0326051
v 0.9641297 1.0000000 0.0600342
v 0.9640407 0.9998865 0.0593414
v 0.9689664 0.9996973 0.0320345
v 0.9639518 0.9996973 0.0587708
v 0.9590037 1.0000000 0.0884007
v 0.9589148 0.9998865 0.0877486
v 0.9539334 1.0000000 0.1180306
v 0.9538389 0.9998865 0.1173785
v 0.9588203 0.9996973 0.0871780
v 0.9537443 0.9996973 0.1168487
v 0.9490911 1.0000000 0.1485572
v 0.9489910 0.9998865 0.1479459
v 0.9445266 1.0000000 0.1802250
v 0.9444266 0.9998865 0.1796544
v 0.9488964 0.9996973 0.1474568
v 0.9443265 0.9996973 0.1791653
v 0.9403014 1.0000000 0.2132377
v 0.9401958 0.9998865 0.2127078
v 0.9364709 1.0000000 0.2478399
v 0.9363596 0.9998865 0.2473508
v 0.9400901 0.9996973 0.2122595
v 0.9362484 0.9996973 0.2469433
v 0.9330850 1.0000000 0.2842354
v 0.9329682 0.9998865 0.2838279
v 0.9301997 1.0000000 0.3227095
v 0.9300773 0.9998865 0.3223427
v 0.9328516 0.9996973 0.2834610
v 0.9299550 0.9996973 0.3220166
v 0.9278702 1.0000000 0.3634252
v 0.9277422 0.9998865 0.3631399
v 0.9261467 1.0000000 0.4066270
v 0.9260188 0.9998865 0.4064640
v 0.9276200 0.9996973 0.3628953
v 0.9258910 0.9996973 0.4063009
v 0.9250903 1.0000000 0.4526410
v 0.9249625 0.9998865 0.4525187
v 0.9247345 1.0000000 0.5000000
v 0.9246011 0.9998865 0.5000000
v 0.9248291 0.9996973 0.4524372
v 0.9244732 0.9996973 0.5000000
v 0.9251126 1.0000000 0.5473590
v 0.9249847 0.9998865 0.5474405
v 0.9261911 1.0000000 0.5933322
v 0.9260633 0.9998865 0.5935360
v 0.9248513 0.9996973 0.5475220
v 0.9259355 0.9996973 0.5936991
v 0.9279258 1.0000000 0.6365748
v 0.9277978 0.9998865 0.6368601
v 0.9302663 1.0000000 0.6772905
v 0.9301441 0.9998865 0.6776573
v 0.9276756 0.9996973 0.6371047
v 0.9300217 0.9996973 0.6779426
v 0.9331573 1.0000000 0.7157238
v 0.9330406 0.9998865 0.7161721
v 0.9365431 1.0000000 0.7521601
v 0.9364319 0.9998865 0.7526492
v 0.9329238 0.9996973 0.7165390
v 0.9363207 0.9996973 0.7530567
v 0.9403736 1.0000000 0.7867623
v 0.9402680 0.9998865 0.7872922
v 0.9445934 1.0000000 0.8197750
v 0.9444933 0.9998865 0.8203456
v 0.9401624 0.9996973 0.7877405
v 0.9443932 0.9996973 0.8208347
v 0.9491523 1.0000000 0.8514428
v 0.9490521 0.9998865 0.8520541
v 0.9539835 1.0000000 0.8819694
v 0.9538946 0.9998865 0.8826215
v 0.9489576 0.9996973 0.8525432
v 0.9537944 0.9996973 0.8831513
v 0.9590426 1.0000000 0.9115993
v 0.9589537 0.9998865 0.9122514
v 0.9641575 1.0000000 0.9399658
v 0.9640685 0.9998865 0.9406586
v 0.9588592 0.9996973 0.9128220
v 0.9639796 0.9996973 0.9412292
v 0.9691500 1.0000000 0.9667428
v 0.9690666 0.9998865 0.9673949
v 0.9729082 1.0000000 0.9864281
v 0.9728248 0.9998865 0.9870802
v 0.9689776 0.9996973 0.9679655
v 0.9727414 0.9996973 0.9876508
v 0.9742982 1.0000000 0.9936420
v 0.9742258 0.9998865 0.9943349
v 0.9745094 1.0000000 0.9945387
v 0.9744427 0.9998865 0.9952315
v 0.9741425 0.9996973 0.9949055
v 0.9743648 0.9996973 0.9958428
v 0.9747207 1.0000000 0.9952723
v 0.9746595 0.9998865 0.9960059
v 0.9749431 1.0000000 0.9958428
v 0.9748874 0.9998865 0.9966172
v 0.9745928 0.9996973 0.9966172
v 0.9748263 0.9996973 0.9972286
v 0.9751654 1.0000000 0.9962912
v 0.9751210 0.9998865 0.9970655
v 0.9753989 1.0000000 0.9966172
v 0.9753600 0.9998865 0.9973916
v 0.9750654 0.9996973 0.9977177
v 0.9753100 0.9996973 0.9980437
v 0.9756380 1.0000000 0.9967802
v 0.9756102 0.9998865 0.9975954
v 0.9787291 1.0000000 0.9969025
v 0.9787013 0.9998865 0.9976769
v 0.9755657 0.9996973 0.9982475
v 0.9786624 0.9996973 0.9983698
v 0.9874910 1.0000000 0.9970248
v 0.9874743 0.9998865 0.9977992
v 0.9874409 0.9996973 0.9984513
f 1 2 3
f 3 4 1
f 5 1 4
f 4 6 5
f 1 5 7
f 7 8 1
f 2 1 8
f 8 9 2
f 10 11 12
f 12 13 10
f 14 10 13
f 13 15 14
f 10 14 16
f 16 17 10
f 11 10 17
f 17 18 11
f 19 4 3
f 3 20 19
f 21 19 20
f 20 22 21
f 19 21 23
f 23 24 19
f 4 19 24
f 24 6 4
f 25 26 27
f 27 28 25
f 29 25 28
f 28 30 29
f 25 29 31
f 31 32 25
f 26 25 32
f 32 33 26
f 34 35 33
f 33 32 34
f 36 34 32
f 32 31 36
f 34 36 37
f 37 38 34
f 35 34 38
f 38 39 35
f 40 41 39
f 39 38 40
f 42 40 38
f 38 37 42
f 40 42 43
f 43 44 40
f 41 40 44
f 44 45 41
f 46 47 45
f 45 44 46
f 48 46 44
f 44 43 48
f 46 48 49
f 49 50 46
f 47 46 50
f 50 51 47
f 52 53 51
f 51 50 52
f 54 52 50
f 50 49 54
f 52 54 55
f 55 56 52
f 53 52 56
f 56 57 53
f 58 59 57
f 57 56 58
f 60 58 56
f 56 55 60
f 58 60 61
f 61 62 58
f 59 58 62
f 62 63 59
f 64 65 63
f 63 62 64
f 66 64 62
f 62 61 66
f 64 66 67
f 67 68 64
f 65 64 68
f 68 69 65
f 70 71 69
f 69 68 70
f 72 70 68
f 68 67 72
f 70 72 73
f 73 74 70
f 71 70 74
f 74 75 71
f 76 77 75
f 75 74 76
f 78 76 74
f 74 73 78
f 76 78 79
f 79 80 76
f 77 76 80
f 80 81 77
f 82 83 81
f 81 80 82
f 84 82 80
f 80 79 84
f 82 84 85
f 85 86 82
f 83 82 86
f 86 87 83
f 88 89 87
f 87 86 88
f 90 88 86
f 86 85 90
f 88 90 91
f 91 92 88
f 89 88 92
f 92 93 89
f 94 95 93
f 93 92 94
f 96 94 92
f 92 91 96
f 94 96 97
f 97 98 94
f 95 94 98
f 98 99 95
f 100 101 99
f 99 98 100
f 102 100 98
f 98 97 102
f 100 102 103
f 103 104 100
f 101 100 104
f 104 105 101
f 106 107 105
f 105 104 106
f 108 106 104
f 104 103 108
f 106 108 109
f 109 110 106
f 107 106 110
f 110 111 107
f 112 113 114
f 114 115 112
f 116 112 115
f 115 117 116
f 112 116 118
f 118 119 112
f 113 112 119
f 119 120 113
f 121 13 12
f 12 122 121
f 123 121 122
f 122 124 123
f 121 123 125
f 125 126 121
f 13 121 126
f 126 15 13
f 127 21 22
f 22 128 127
f 129 127 128
f 128 130 129
f 127 129 131
f 131 132 127
f 21 127 132
f 132 23 21
f 133 29 30
f 30 134 133
f 135 133 134
f 134 136 135
f 133 135 137
f 137 138 133
f 29 133 138
f 138 31 29
f 139 36 31
f 31 138 139
f 140 139 138
f 138 137 140
f 139 140 141
f 141 142 139
f 36 139 142
f 142 37 36
f 143 42 37
f 37 142 143
f 144 143 142
f 142 141 144
f 143 144 145
f 145 146 143
f 42 143 146
f 146 43 42
f 147 48 43
f 43 146 147
f 148 147 146
f 146 145 148
f 147 148 149
f 149 150 147
f 48 147 150
f 150 49 48
f 151 54 49
f 49 150 151
f 152 151 150
f 150 149 152
f 151 152 153
f 153 154 151
f 54 151 154
f 154 55 54
f 155 60 55
f 55 154 155
f 156 155 154
f 154 153 156
f 155 156 157
f 157 158 155
f 60 155 158
f 158 61 60
f 159 66 61
f 61 158 159
f 160 159 158
f 158 157 160
f 159 160 161
f 161 162 159
f 66 159 162
f 162 67 66
f 163 72 67
f 67 162 163
f 164 163 162
f 162 161 164
f 163 164 165
f 165 166 163
f 72 163 166
f 166 73 72
f 167 78 73
f 73 166 167
f 168 167 166
f 166 165 168
f 167 168 169
f 169 170 167
f 78 167 170
f 170 79 78
f 171 84 79
f 79 170 171
f 172 171 170
f 170 169 172
f 171 172 173
f 173 174 171
f 84 171 174
f 174 85 84
f 175 90 85
f 85 174 175
f 176 175 174
f 174 173 176
f 175 176 177
f 177 178 175
f 90 175 178
f 178 91 90
f 179 96 91
f 91 178 179
f 180 179 178
f 178 177 180
f 179 180 181
f 181 182 179
f 96 179 182
f 182 97 96
f 183 102 97
f 97 182 183
f 184 183 182
f 182 181 184
f 183 184 185
f 185 186 183
f 102 183 186
f 186 103 102
f 187 108 103
f 103 186 187
f 188 187 186
f 186 185 188
f 187 188 189
f 189 190 187
f 108 187 190
f 190 109 108
f 191 116 117
f 117 192 191
f 193 191 192
f 192 194 193
f 191 193 195
f 195 196 191
f 116 191 196
f 196 118 116
f 197 123 124
f 124 198 197
f 199 197 198
f 198 200 199
f 197 199 201
f 201 202 197
f 123 197 202
f 202 125 123
f 203 129 130
f 130 204 203
f 205 203 204
f 204 206 205
f 203 205 207
f 207 208 203
f 129 203 208
f 208 131 129
f 209 135 136
f 136 210 209
f 211 209 210
f 210 212 211
f 209 211 213
f 213 214 209
f 135 209 214
f 214 137 135
f 215 140 137
f 137 214 215
f 216 215 214
f 214 213 216
f 215 216 217
f 217 218 215
f 140 215 218
f 218 141 140
f 219 144 141
f 141 218 219
f 220 219 218
f 218 217 220
f 219 220 221
f 221 222 219
f 144 219 222
f 222 145 144
f 223 148 145
f 145 222 223
f 224 223 222
f 222 221 224
f 223 224 225
f 225 226 223
f 148 223 226
f 226 149 148
f 227 152 149
f 149 226 227
f 228 227 226
f 226 225 228
f 227 228 229
f 229 230 227
f 152 227 230
f 230 153 152
f 231 156 153
f 153 230 231
f 232 231 230
f 230 229 232
f 231 232 233
f 233 234 231
f 156 231 234
f 234 157 156
f 235 160 157
f 157 234 235
f 236 235 234
f 234 233 236
f 235 236 237
f 237 238 235
f 160 235 238
f 238 161 160
f 239 164 161
f 161 238 239
f 240 239 238
f 238 237 240
f 239 240 241
f 241 242 239
f 164 239 242
f 242 165 164
f 243 168 165
f 165 242 243
f 244 243 242
f 242 241 244
f 243 244 245
f 245 246 243
f 168 243 246
f 246 169 168
f 247 172 169
f 169 246 247
f 248 247 246
f 246 245 248
f 247 248 249
f 249 250 247
f 172 247 250
f 250 173 172
f 251 176 173
f 173 250 251
f 252 251 250
f 250 249 252
f 251 252 253
f 253 254 251
f 176 251 254
f 254 177 176
f 255 180 177
f 177 254 255
f 256 255 254
f 254 253 256
f 255 256 257
f 257 258 255
f 180 255 258
f 258 181 180
f 259 184 181
f 181 258 259
f 260 259 258
f 258 257 260
f 259 260 261
f 261 262 259
f 184 259 262
f 262 185 184
f 263 188 185
f 185 262 263
f 264 263 262
f 262 261 264
f 263 264 265
f 265 266 263
f 188 263 266
f 266 189 188
f 267 193 194
f 194 268 267
f 269 267 268
f 268 270 269
f 267 269 271
f 271 272 267
f 193 267 272
f 272 195 193
f 273 199 200
f 200 274 273
f 275 273 274
f 274 276 275
f 273 275 277
f 277 278 273
f 199 273 278
f 278 201 199
f 279 205 206
f 206 280 279
f 281 279 280
f 280 282 281
f 279 281 283
f 283 284 279
f 205 279 284
f 284 207 205
f 285 211 212
f 212 286 285
f 287 285 286
f 286 288 287
f 285 287 289
f 289 290 285
f 211 285 290
f 290 213 211
f 291 216 213
f 213 290 291
f 292 291 290
f 290 289 292
f 291 292 293
f 293 294 291
f 216 291 294
f 294 217 216
f 295 220 217
f 217 294 295
f 296 295 294
f 294 293 296
f 295 296 297
f 297 298 295
f 220 295 298
f 298 221 220
f 299 224 221
f 221 298 299
f 300 299 298
f 298 297 300
f 299 300 301
f 301 302 299
f 224 299 302
f 302 225 224
f 303 228 225
f 225 302 303
f 304 303 302
f 302 301 304
f 303 304 305
f 305 306 303
f 228 303 306
f 306 229 228
f 307 232 229
f 229 306 307
f 308 307 306
f 306 305 308
f 307 308 309
f 309 310 307
f 232 307 310
f 310 233 232
f 311 236 233
f 233 310 311
f 312 311 310
f 310 309 312
f 311 312 313
f 313 314 311
f 236 311 314
f 314 237 236
f 315 240 237
f 237 314 315
f 316 315 314
f 314 313 316
f 315 316 317
f 317 318 315
f 240 315 318
f 318 241 240
f 319 244 241
f 241 318 319
f 320 319 318
f 318 317 320
f 319 320 321
f 321 322 319
f 244 319 322
f 322 245 244
f 323 248 245
f 245 322 323
f 324 323 322
f 322 321 324
f 323 324 325
f 325 326 323
f 248 323 326
f 326 249 248
f 327 252 249
f 249 326 327
f 328 327 326
f 326 325 328
f 327 328 329
f 329 330 327
f 252 327 330
f 330 253 252
f 331 256 253
f 253 330 331
f 332 331 330
f 330 329 332
f 331 332 333
f 333 334 331
f 256 331 334
f 334 257 256
f 335 260 257
f 257 334 335
f 336 335 334
f 334 333 336
f 335 336 337
f 337 338 335
f 260 335 338
f 338 261 260
f 339 264 261
f 261 338 339
f 340 339 338
f 338 337 340
f 339 340 341
f 341 342 339
f 264 339 342
f 342 265 264
f 343 269 270
f 270 344 343
f 345 343 344
f 344 346 345
f 343 345 347
f 347 348 343
f 269 343 348
f 348 271 269
f 349 275 276
f 276 350 349
f 351 349 350
f 350 352 351
f 349 351 353
f 353 354 349
f 275 349 354
f 354 277 275
f 355 281 282
f 282 356 355
f 357 355 356
f 356 358 357
f 355 357 359
f 359 360 355
f 281 355 360
f 360 283 281
f 361 287 288
f 288 362 361
f 363 361 362
f 362 364 363
f 361 363 365
f 365 366 361
f 287 361 366
f 366 289 287
f 367 292 289
f 289 366 367
f 368 367 366
f 366 365 368
f 367 368 369
f 369 370 367
f 292 367 370
f 370 293 292
f 371 296 293
f 293 370 371
f 372 371 370
f 370 369 372
f 371 372 373
f 373 374 371
f 296 371 374
f 374 297 296
f 375 300 297
f 297 374 375
f 376 375 374
f 374 373 376
f 375 376 377
f 377 378 375
f 300 375 378
f 378 301 300
f 379 304 301
f 301 378 379
f 380 379 378
f 378 377 380
f 379 380 381
f 381 382 379
f 304 379 382
f 382 305 304
f 383 308 305
f 305 382 383
f 384 383 382
f 382 381 384
f 383 384 385
f 385 386 383
f 308 383 386
f 386 309 308
f 387 312 309
f 309 386 387
f 388 387 386
f 386 385 388
f 387 388 389
f 389 390 387
f 312 387 390
f 390 313 312
f 391 316 313
f 313 390 391
f 392 391 390
f 390 389 392
f 391 392 393
f 393 394 391
f 316 391 394
f 394 317 316
f 395 320 317
f 317 394 395
f 396 395 394
f 394 393 396
f 395 396 397
f 397 398 395
f 320 395 398
f 398 321 320
f 399 324 321
f 321 398 399
f 400 399 398
f 398 397 400
f 399 400 401
f 401 402 399
f 324 399 402
f 402 325 324
f 403 328 325
f 325 402 403
f 404 403 402
f 402 401 404
f 403 404 405
f 405 406 403
f 328 403 406
f 406 329 328
f 407 332 329
f 329 406 407
f 408 407 406
f 406 405 408
f 407 408 409
f 409 410 407
f 332 407 410
f 410 333 332
f 411 336 333
f 333 410 411
f 412 411 410
f 410 409 412
f 411 412 413
f 413 414 411
f 336 411 414
f 414 337 336
f 415 340 337
f 337 414 415
f 416 415 414
f 414 413 416
f 415 416 417
f 417 418 415
f 340 415 418
f 418 341 340
f 419 345 346
f 346 420 419
f 421 419 420
f 420 422 421
f 419 421 423
f 423 424 419
f 345 419 424
f 424 347 345
f 425 351 352
f 352 426 425
f 427 425 426
f 426 428 427
f 425 427 429
f 429 430 425
f 351 425 430
f 430 353 351
f 431 357 358
f 358 432 431
f 433 431 432
f 432 434 433
f 431 433 435
f 435 436 431
f 357 431 436
f 436 359 357
f 437 363 364
f 364 438 437
f 439 437 438
f 438 440 439
f 437 439 441
f 441 442 437
f 363 437 442
f 442 365 363
f 443 368 365
f 365 442 443
f 444 443 442
f 442 441 444
f 443 444 445
f 445 446 443
f 368 443 446
f 446 369 368
f 447 372 369
f 369 446 447
f 448 447 446
f 446 445 448
f 447 448 449
f 449 450 447
f 372 447 450
f 450 373 372
f 451 376 373
f 373 450 451
f 452 451 450
f 450 449 452
f 451 452 453
f 453 454 451
f 376 451 454
f 454 377 376
f 455 380 377
f 377 454 455
f 456 455 454
f 454 453 456
f 455 456 457
f 457 458 455
f 380 455 458
f 458 381 380
f 459 384 381
f 381 458 459
f 460 459 458
f 458 457 460
f 459 460 461
f 461 462 459
f 384 459 462
f 462 385 384
f 463 388 385
f 385 462 463
f 464 463 462
f 462 461 464
f 463 464 465
f 465 466 463
f 388 463 466
f 466 389 388
f 467 392 389
f 389 466 467
f 468 467 466
f 466 465 468
f 467 468 469
f 469 470 467
f 392 467 470
f 470 393 392
f 471 396 393
f 393 470 471
f 472 471 470
f 470 469 472
f 471 472 473
f 473 474 471
f 396 471 474
f 474 397 396
f 475 400 397
f 397 474 475
f 476 475 474
f 474 473 476
f 475 476 477
f 477 478 475
f 400 475 478
f 478 401 400
f 479 404 401
f 401 478 479
f 480 479 478
f 478 477 480
f 479 480 481
f 481 482 479
f 404 479 482
f 482 405 404
f 483 408 405
f 405 482 483
f 484 483 482
f 482 481 484
f 483 484 485
f 485 486 483
f 408 483 486
f 486 409 408
f 487 412 409
f 409 486 487
f 488 487 486
f 486 485 488
f 487 488 489
f 489 490 487
f 412 487 490
f 490 413 412
f 491 416 413
f 413 490 491
f 492 491 490
f 490 489 492
f 491 492 493
f 493 494 491
f 416 491 494
f 494 417 416
f 495 421 422
f 422 496 495
f 497 495 496
f 496 498 497
f 495 497 499
f 499 500 495
f 421 495 500
f 500 423 421
f 501 427 428
f 428 502 501
f 503 501 502
f 502 504 503
f 501 503 505
f 505 506 501
f 427 501 506
f 506 429 427
f 507 433 434
f 434 508 507
f 509 507 508
f 508 510 509
f 507 509 511
f 511 512 507
f 433 507 512
f 512 435 433
f 513 439 440
f 440 514 513
f 515 513 514
f 514 516 515
f 513 515 517
f 517 518 513
f 439 513 518
f 518 441 439
f 519 444 441
f 441 518 519
f 520 519 518
f 518 517 520
f 519 520 521
f 521 522 519
f 444 519 522
f 522 445 444
f 523 448 445
f 445 522 523
f 524 523 522
f 522 521 524
f 523 524 525
f 525 526 523
f 448 523 526
f 526 449 448
f 527 452 449
f 449 526 527
f 528 527 526
f 526 525 528
f 527 528 529
f 529 530 527
f 452 527 530
f 530 453 452
f 531 456 453
f 453 530 531
f 532 531 530
f 530 529 532
f 531 532 533
f 533 534 531
f 456 531 534
f 534 457 456
f 535 460 457
f 457 534 535
f 536 535 534
f 534 533 536
f 535 536 537
f 537 538 535
f 460 535 538
f 538 461 460
f 539 464 461
f 461 538 539
f 540 539 538
f 538 537 540
f 539 540 541
f 541 542 539
f 464 539 542
f 542 465 464
f 543 468 465
f 465 542 543
f 544 543 542
f 542 541 544
f 543 544 545
f 545 546 543
f 468 543 546
f 546 469 468
f 547 472 469
f 469 546 547
f 548 547 546
f 546 545 548
f 547 548 549
f 549 550 547
f 472 547 550
f 550 473 472
f 551 476 473
f 473 550 551
f 552 551 550
f 550 549 552
f 551 552 553
f 553 554 551
f 476 551 554
f 554 477 476
f 555 480 477
f 477 554 555
f 556 555 554
f 554 553 556
f 555 556 557
f 557 558 555
f 480 555 558
f 558 481 480
f 559 484 481
f 481 558 559
f 560 559 558
f 558 557 560
f 559 560 561
f 561 562 559
f 484 559 562
f 562 485 484
f 563 488 485
f 485 562 563
f 564 563 562
f 562 561 564
f 563 564 565
f 565 566 563
f 488 563 566
f 566 489 488
f 567 492 489
f 489 566 567
f 568 567 566
f 566 565 568
f 567 568 569
f 569 570 567
f 492 567 570
f 570 493 492
f 571 497 498
f 498 572 571
f 573 571 572
f 572 574 573
f 571 573 575
f 575 576 571
f 497 571 576
f 576 499 497
f 577 503 504
f 504 578 577
f 579 577 578
f 578 580 579
f 577 579 581
f 581 582 577
f 503 577 582
f 582 505 503
f 583 509 510
f 510 584 583
f 585 583 584
f 584 586 585
f 583 585 587
f 587 588 583
f 509 583 588
f 588 511 509
f 589 515 516
f 516 590 589
f 591 589 590
f 590 592 591
f 589 591 593
f 593 594 589
f 515 589 594
f 594 517 515
f 595 520 517
f 517 594 595
f 596 595 594
f 594 593 596
f 595 596 597
f 597 598 595
f 520 595 598
f 598 521 520
f 599 524 521
f 521 598 599
f 600 599 598
f 598 597 600
f 599 600 601
f 601 602 599
f 524 599 602
f 602 525 524
f 603 528 525
f 525 602 603
f 604 603 602
f 602 601 604
f 603 604 605
f 605 606 603
f 528 603 606
f 606 529 528
f 607 532 529
f 529 606 607
f 608 607 606
f 606 605 608
f 607 608 609
f 609 610 607
f 532 607 610
f 610 533 532
f 611 536 533
f 533 610 611
f 612 611 610
f 610 609 612
f 611 612 613
f 613 614 611
f 536 611 614
f 614 537 536
f 615 540 537
f 537 614 615
f 616 615 614
f 614 613 616
f 615 616 617
f 617 618 615
f 540 615 618
f 618 541 540
f 619 544 541
f 541 618 619
f 620 619 618
f 618 617 620
f 619 620 621
f 621 622 619
f 544 619 622
f 622 545 544
f 623 548 545
f 545 622 623
f 624 623 622
f 622 621 624
f 623 624 625
f 625 626 623
f 548 623 626
f 626 549 548
f 627 552 549
f 549 626 627
f 628 627 626
f 626 625 628
f 627 628 629
f 629 630 627
f 552 627 630
f 630 553 552
f 631 556 553
f 553 630 631
f 632 631 630
f 630 629 632
f 631 632 633
f 633 634 631
f 556 631 634
f 634 557 556
f 635 560 557
f 557 634 635
f 636 635 634
f 634 633 636
f 635 636 637
f 637 638 635
f 560 635 638
f 638 561 560
f 639 564 561
f 561 638 639
f 640 639 638
f 638 637 640
f 639 640 641
f 641 642 639
f 564 639 642
f 642 565 564
f 643 568 565
f 565 642 643
f 644 643 642
f 642 641 644
f 643 644 645
f 645 646 643
f 568 643 646
f 646 569 568
f 647 573 574
f 574 648 647
f 649 647 648
f 648 650 649
f 647 649 651
f 651 652 647
f 573 647 652
f 652 575 573
f 653 579 580
f 580 654 653
f 655 653 654
f 654 656 655
f 653 655 657
f 657 658 653
f 579 653 658
f 658 581 579
f 659 585 586
f 586 660 659
f 661 659 660
f 660 662 661
f 659 661 663
f 663 664 659
f 585 659 664
f 664 587 585
f 665 591 592
f 592 666 665
f 667 665 666
f 666 668 667
f 665 667 669
f 669 670 665
f 591 665 670
f 670 593 591
f 671 596 593
f 593 670 671
f 672 671 670
f 670 669 672
f 671 672 673
f 673 674 671
f 596 671 674
f 674 597 596
f 675 600 597
f 597 674 675
f 676 675 674
f 674 673 676
f 675 676 677
f 677 678 675
f 600 675 678
f 678 601 600
f 679 604 601
f 601 678 679
f 680 679 678
f 678 677 680
f 679 680 681
f 681 682 679
f 604 679 682
f 682 605 604
f 683 608 605
f 605 682 683
f 684 683 682
f 682 681 684
f 683 684 685
f 685 686 683
f 608 683 686
f 686 609 608
f 687 612 609
f 609 686 687
f 688 687 686
f 686 685 688
f 687 688 689
f 689 690 687
f 612 687 690
f 690 613 612
f 691 616 613
f 613 690 691
f 692 691 690
f 690 689 692
f 691 692 693
f 693 694 691
f 616 691 694
f 694 617 616
f 695 620 617
f 617 694 695
f 696 695 694
f 694 693 696
f 695 696 697
f 697 698 695
f 620 695 698
f 698 621 620
f 699 624 621
f 621 698 699
f 700 699 698
f 698 697 700
f 699 700 701
f 701 702 699
f 624 699 702
f 702 625 624
f 703 628 625
f 625 702 703
f 704 703 702
f 702 701 704
f 703 704 705
f 705 706 703
f 628 703 706
f 706 629 628
f 707 632 629
f 629 706 707
f 708 707 706
f 706 705 708
f 707 708 709
f 709 710 707
f 632 707 710
f 710 633 632
f 711 636 633
f 633 710 711
f 712 711 710
f 710 709 712
f 711 712 713
f 713 714 711
f 636 711 714
f 714 637 636
f 715 640 637
f 637 714 715
f 716 715 714
f 714 713 716
f 715 716 717
f 717 718 715
f 640 715 718
f 718 641 640
f 719 644 641
f 641 718 719
f 720 719 718
f 718 717 720
f 719 720 721
f 721 722 719
f 644 719 722
f 722 645 644
f 723 649 650
f 650 724 723
f 725 723 724
f 724 726 725
f 723 725 727
f 727 728 723
f 649 723 728
f 728 651 649
f 729 655 656
f 656 730 729
f 731 729 730
f 730 732 731
f 729 731 733
f 733 734 729
f 655 729 734
f 734 657 655
f 735 661 662
f 662 736 735
f 737 735 736
f 736 738 737
f 735 737 739
f 739 740 735
f 661 735 740
f 740 663 661
f 741 667 668
f 668 742 741
f 743 741 742
f 742 744 743
f 741 743 745
f 745 746 741
f 667 741 746
f 746 669 667
f 747 672 669
f 669 746 747
f 748 747 746
f 746 745 748
f 747 748 749
f 749 750 747
f 672 747 750
f 750 673 672
f 751 676 673
f 673 750 751
f 752 751 750
f 750 749 752
f 751 752 753
f 753 754 751
f 676 751 754
f 754 677 676
f 755 680 677
f 677 754 755
f 756 755 754
f 754 753 756
f 755 756 757
f 757 758 755
f 680 755 758
f 758 681 680
f 759 684 681
f 681 758 759
f 760 759 758
f 758 757 760
f 759 760 761
f 761 762 759
f 684 759 762
f 762 685 684
f 763 688 685
f 685 762 763
f 764 763 762
f 762 761 764
f 763 764 765
f 765 766 763
f 688 763 766
f 766 689 688
f 767 692 689
f 689 766 767
f 768 767 766
f 766 765 768
f 767 768 769
f 769 770 767
f 692 767 770
f 770 693 692
f 771 696 693
f 693 770 771
f 772 771 770
f 770 769 772
f 771 772 773
f 773 774 771
f 696 771 774
f 774 697 696
f 775 700 697
f 697 774 775
f 776 775 774
f 774 773 776
f 775 776 777
f 777 778 775
f 700 775 778
f 778 701 700
f 779 704 701
f 701 778 779
f 780 779 778
f 778 777 780
f 779 780 781
f 781 782 779
f 704 779 782
f 782 705 704
f 783 708 705
f 705 782 783
f 784 783 782
f 782 781 784
f 783 784 785
f 785 786 783
f 708 783 786
f 786 709 708
f 787 712 709
f 709 786 787
f 788 787 786
f 786 785 788
f 787 788 789
f 789 790 787
f 712 787 790
f 790 713 712
f 791 716 713
f 713 790 791
f 792 791 790
f 790 789 792
f 791 792 793
f 793 794 791
f 716 791 794
f 794 717 716
f 795 720 717
f 717 794 795
f 796 795 794
f 794 793 796
f 795 796 797
f 797 798 795
f 720 795 798
f 798 721 720
f 799 725 726
f 726 800 799
f 801 799 800
f 800 802 801
f 799 801 803
f 803 804 799
f 725 799 804
f 804 727 725
f 805 731 732
f 732 806 805
f 807 805 806
f 806 808 807
f 805 807 809
f 809 810 805
f 731 805 810
f 810 733 731
f 811 737 738
f 738 812 811
f 813 811 812
f 812 814 813
f 811 813 815
f 815 816 811
f 737 811 816
f 816 739 737
f 817 743 744
f 744 818 817
f 819 817 818
f 818 820 819
f 817 819 821
f 821 822 817
f 743 817 822
f 822 745 743
f 823 748 745
f 745 822 823
f 824 823 822
f 822 821 824
f 823 824 825
f 825 826 823
f 748 823 826
f 826 749 748
f 827 752 749
f 749 826 827
f 828 827 826
f 826 825 828
f 827 828 829
f 829 830 827
f 752 827 830
f 830 753 752
f 831 756 753
f 753 830 831
f 832 831 830
f 830 829 832
f 831 832 833
f 833 834 831
f 756 831 834
f 834 757 756
f 835 760 757
f 757 834 835
f 836 835 834
f 834 833 836
f 835 836 837
f 837 838 835
f 760 835 838
f 838 761 760
f 839 764 761
f 761 838 839
f 840 839 838
f 838 837 840
f 839 840 841
f 841 842 839
f 764 839 842
f 842 765 764
f 843 768 765
f 765 842 843
f 844 843 842
f 842 841 844
f 843 844 845
f 845 846 843
f 768 843 846
f 846 769 768
f 847 772 769
f 769 846 847
f 848 847 846
f 846 845 848
f 847 848 849
f 849 850 847
f 772 847 850
f 850 773 772
f 851 776 773
f 773 850 851
f 852 851 850
f 850 849 852
f 851 852 853
f 853 854 851
f 776 851 854
f 854 777 776
f 855 780 777
f 777 854 855
f 856 855 854
f 854 853 856
f 855 856 857
f 857 858 855
f 780 855 858
f 858 781 780
f 859 784 781
f 781 858 859
f 860 859 858
f 858 857 860
f 859 860 861
f 861 862 859
f 784 859 862
f 862 785 784
f 863 788 785
f 785 862 863
f 864 863 862
f 862 861 864
f 863 864 865
f 865 866 863
f 788 863 866
f 866 789 788
f 867 792 789
f 789 866 867
f 868 867 866
f 866 865 868
f 867 868 869
f 869 870 867
f 792 867 870
f 870 793 792
f 871 796 793
f 793 870 871
f 872 871 870
f 870 869 872
f 871 872 873
f 873 874 871
f 796 871 874
f 874 797 796
f 875 801 802
f 802 876 875
f 877 875 876
f 876 878 877
f 875 877 879
f 879 880 875
f 801 875 880
f 880 803 801
f 881 807 808
f 808 882 881
f 883 881 882
f 882 884 883
f 881 883 885
f 885 886 881
f 807 881 886
f 886 809 807
f 887 813 814
f 814 888 887
f 889 887 888
f 888 890 889
f 887 889 891
f 891 892 887
f 813 887 892
f 892 815 813
f 893 819 820
f 820 894 893
f 895 893 894
f 894 896 895
f 893 895 897
f 897 898 893
f 819 893 898
f 898 821 819
f 899 824 821
f 821 898 899
f 900 899 898
f 898 897 900
f 899 900 901
f 901 902 899
f 824 899 902
f 902 825 824
f 903 828 825
f 825 902 903
f 904 903 902
f 902 901 904
f 903 904 905
f 905 906 903
f 828 903 906
f 906 829 828
f 907 832 829
f 829 906 907
f 908 907 906
f 906 905 908
f 907 908 909
f 909 910 907
f 832 907 910
f 910 833 832
f 911 836 833
f 833 910 911
f 912 911 910
f 910 909 912
f 911 912 913
f 913 914 911
f 836 911 914
f 914 837 836
f 915 840 837
f 837 914 915
f 916 915 914
f 914 913 916
f 915 916 917
f 917 918 915
f 840 915 918
f 918 841 840
f 919 844 841
f 841 918 919
f 920 919 918
f 918 917 920
f 919 920 921
f 921 922 919
f 844 919 922
f 922 845 844
f 923 848 845
f 845 922 923
f 924 923 922
f 922 921 924
f 923 924 925
f 925 926 923
f 848 923 926
f 926 849 848
f 927 852 849
f 849 926 927
f 928 927 926
f 926 925 928
f 927 928 929
f 929 930 927
f 852 927 930
f 930 853 852
f 931 856 853
f 853 930 931
f 932 931 930
f 930 929 932
f 931 932 933
f 933 934 931
f 856 931 934
f 934 857 856
f 935 860 857
f 857 934 935
f 936 935 934
f 934 933 936
f 935 936 937
f 937 938 935
f 860 935 938
f 938 861 860
f 939 864 861
f 861 938 939
f 940 939 938
f 938 937 940
f 939 940 941
f 941 942 939
f 864 939 942
f 942 865 864
f 943 868 865
f 865 942 943
f 944 943 942
f 942 941 944
f 943 944 945
f 945 946 943
f 868 943 946
f 946 869 868
f 947 872 869
f 869 946 947
f 948 947 946
f 946 945 948
f 947 948 949
f 949 950 947
f 872 947 950
f 950 873 872
f 951 877 878
f 878 952 951
f 953 951 952
f 952 954 953
f 951 953 955
f 955 956 951
f 877 951 956
f 956 879 877
f 957 883 884
f 884 958 957
f 959 957 958
f 958 960 959
f 957 959 961
f 961 962 957
f 883 957 962
f 962 885 883
f 963 889 890
f 890 964 963
f 965 963 964
f 964 966 965
f 963 965 967
f 967 968 963
f 889 963 968
f 968 891 889
f 969 895 896
f 896 970 969
f 971 969 970
f 970 972 971
f 969 971 973
f 973 974 969
f 895 969 974
f 974 897 895
f 975 900 897
f 897 974 975
f 976 975 974
f 974 973 976
f 975 976 977
f 977 978 975
f 900 975 978
f 978 901 900
f 979 904 901
f 901 978 979
f 980 979 978
f 978 977 980
f 979 980 981
f 981 982 979
f 904 979 982
f 982 905 904
f 983 908 905
f 905 982 983
f 984 983 982
f 982 981 984
f 983 984 985
f 985 986 983
f 908 983 986
f 986 909 908
f 987 912 909
f 909 986 987
f 988 987 986
f 986 985 988
f 987 988 989
f 989 990 987
f 912 987 990
f 990 913 912
f 991 916 913
f 913 990 991
f 992 991 990
f 990 989 992
f 991 992 993
f 993 994 991
f 916 991 994
f 994 917 916
f 995 920 917
f 917 994 995
f 996 995 994
f 994 993 996
f 995 996 997
f 997 998 995
f 920 995 998
f 998 921 920
f 999 924 921
f 921 998 999
f 1000 999 998
f 998 997 1000
f 999 1000 1001
f 1001 1002 999
f 924 999 1002
f 1002 925 924
f 1003 928 925
f 925 1002 1003
f 1004 1003 1002
f 1002 1001 1004
f 1003 1004 1005
f 1005 1006 1003
f 928 1003 1006
f 1006 929 928
f 1007 932 929
f 929 1006 1007
f 1008 1007 1006
f 1006 1005 1008
f 1007 1008 1009
f 1009 1010 1007
f 932 1007 1010
f 1010 933 932
f 1011 936 933
f 933 1010 1011
f 1012 1011 1010
f 1010 1009 1012
f 1011 1012 1013
f 1013 1014 1011
f 936 1011 1014
f 1014 937 936
f 1015 940 937
f 937 1014 1015
f 1016 1015 1014
f 1014 1013 1016
f 1015 1016 1017
f 1017 1018 1015
f 940 1015 1018
f 1018 941 940
f 1019 944 941
f 941 1018 1019
f 1020 1019 1018
f 1018 1017 1020
f 1019 1020 1021
f 1021 1022 1019
f 944 1019 1022
f 1022 945 944
f 1023 948 945
f 945 1022 1023
f 1024 1023 1022
f 1022 1021 1024
f 1023 1024 1025
f 1025 1026 1023
f 948 1023 1026
f 1026 949 948
f 1027 953 954
f 954 1028 1027
f 1029 1027 1028
f 1028 1030 1029
f 1027 1029 1031
f 1031 1032 1027
f 953 1027 1032
f 1032 955 953
f 1033 959 960
f 960 1034 1033
f 1035 1033 1034
f 1034 1036 1035
f 1033 1035 1037
f 1037 1038 1033
f 959 1033 1038
f 1038 961 959
f 1039 965 966
f 966 1040 1039
f 1041 1039 1040
f 1040 1042 1041
f 1039 1041 1043
f 1043 1044 1039
f 965 1039 1044
f 1044 967 965
f 1045 971 972
f 972 1046 1045
f 1047 1045 1046
f 1046 1048 1047
f 1045 1047 1049
f 1049 1050 1045
f 971 1045 1050
f 1050 973 971
f 1051 976 973
f 973 1050 1051
f 1052 1051 1050
f 1050 1049 1052
f 1051 1052 1053
f 1053 1054 1051
f 976 1051 1054
f 1054 977 976
f 1055 980 977
f 977 1054 1055
f 1056 1055 1054
f 1054 1053 1056
f 1055 1056 1057
f 1057 1058 1055
f 980 1055 1058
f 1058 981 980
f 1059 984 981
f 981 1058 1059
f 1060 1059 1058
f 1058 1057 1060
f 1059 1060 1061
f 1061 1062 1059
f 984 1059 1062
f 1062 985 984
f 1063 988 985
f 985 1062 1063
f 1064 1063 1062
f 1062 1061 1064
f 1063 1064 1065
f 1065 1066 1063
f 988 1063 1066
f 1066 989 988
f 1067 992 989
f 989 1066 1067
f 1068 1067 1066
f 1066 1065 1068
f 1067 1068 1069
f 1069 1070 1067
f 992 1067 1070
f 1070 993 992
f 1071 996 993
f 993 1070 1071
f 1072 1071 1070
f 1070 1069 1072
f 1071 1072 1073
f 1073 1074 1071
f 996 1071 1074
f 1074 997 996
f 1075 1000 997
f 997 1074 1075
f 1076 1075 1074
f 1074 1073 1076
f 1075 1076 1077
f 1077 1078 1075
f 1000 1075 1078
f 1078 1001 1000
f 1079 1004 1001
f 1001 1078 1079
f 1080 1079 1078
f 1078 1077 1080
f 1079 1080 1081
f 1081 1082 1079
f 1004 1079 1082
f 1082 1005 1004
f 1083 1008 1005
f 1005 1082 1083
f 1084 1083 1082
f 1082 1081 1084
f 1083 1084 1085
f 1085 1086 1083
f 1008 1083 1086
f 1086 1009 1008
f 1087 1012 1009
f 1009 1086 1087
f 1088 1087 1086
f 1086 1085 1088
f 1087 1088 1089
f 1089 1090 1087
f 1012 1087 1090
f 1090 1013 1012
f 1091 1016 1013
f 1013 1090 1091
f 1092 1091 1090
f 1090 1089 1092
f 1091 1092 1093
f 1093 1094 1091
f 1016 1091 1094
f 1094 1017 1016
f 1095 1020 1017
f 1017 1094 1095
f 1096 1095 1094
f 1094 1093 1096
f 1095 1096 1097
f 1097 1098 1095
f 1020 1095 1098
f 1098 1021 1020
f 1099 1024 1021
f 1021 1098 1099
f 1100 1099 1098
f 1098 1097 1100
f 1099 1100 1101
f 1101 1102 1099
f 1024 1099 1102
f 1102 1025 1024
f 1103 1029 1030
f 1030 1104 1103
f 1105 1103 1104
f 1104 1106 1105
f 1103 1105 1107
f 1107 1108 1103
f 1029 1103 1108
f 1108 1031 1029
f 1109 1035 1036
f 1036 1110 1109
f 1111 1109 1110
f 1110 1112 1111
f 1109 1111 1113
f 1113 1114 1109
f 1035 1109 1114
f 1114 1037 1035
f 1115 1041 1042
f 1042 1116 1115
f 1117 1115 1116
f 1116 1118 1117
f 1115 1117 1119
f 1119 1120 1115
f 1041 1115 1120
f 1120 1043 1041
f 1121 1047 1048
f 1048 1122 1121
f 1123 1121 1122
f 1122 1124 1123
f 1121 1123 1125
f 1125 1126 1121
f 1047 1121 1126
f 1126 1049 1047
f 1127 1052 1049
f 1049 1126 1127
f 1128 1127 1126
f 1126 1125 1128
f 1127 1128 1129
f 1129 1130 1127
f 1052 1127 1130
f 1130 1053 1052
f 1131 1056 1053
f 1053 1130 1131
f 1132 1131 1130
f 1130 1129 1132
f 1131 1132 1133
f 1133 1134 1131
f 1056 1131 1134
f 1134 1057 1056
f 1135 1060 1057
f 1057 1134 1135
f 1136 1135 1134
f 1134 1133 1136
f 1135 1136 1137
f 1137 1138 1135
f 1060 1135 1138
f 1138 1061 1060
f 1139 1064 1061
f 1061 1138 1139
f 1140 1139 1138
f 1138 1137 1140
f 1139 1140 1141
f 1141 1142 1139
f 1064 1139 1142
f 1142 1065 1064
f 1143 1068 1065
f 1065 1142 1143
f 1144 1143 1142
f 1142 1141 1144
f 1143 1144 1145
f 1145 1146 1143
f 1068 1143 1146
f 1146 1069 1068
f 1147 1072 1069
f 1069 1146 1147
f 1148 1147 1146
f 1146 1145 1148
f 1147 1148 1149
f 1149 1150 1147
f 1072 1147 1150
f 1150 1073 1072
f 1151 1076 1073
f 1073 1150 1151
f 1152 1151 1150
f 1150 1149 1152
f 1151 1152 1153
f 1153 1154 1151
f 1076 1151 1154
f 1154 1077 1076
f 1155 1080 1077
f 1077 1154 1155
f 1156 1155 1154
f 1154 1153 1156
f 1155 1156 1157
f 1157 1158 1155
f 1080 1155 1158
f 1158 1081 1080
f 1159 1084 1081
f 1081 1158 1159
f 1160 1159 1158
f 1158 1157 1160
f 1159 1160 1161
f 1161 1162 1159
f 1084 1159 1162
f 1162 1085 1084
f 1163 1088 1085
f 1085 1162 1163
f 1164 1163 1162
f 1162 1161 1164
f 1163 1164 1165
f 1165 1166 1163
f 1088 1163 1166
f 1166 1089 1088
f 1167 1092 1089
f 1089 1166 1167
f 1168 1167 1166
f 1166 1165 1168
f 1167 1168 1169
f 1169 1170 1167
f 1092 1167 1170
f 1170 1093 1092
f 1171 1096 1093
f 1093 1170 1171
f 1172 1171 1170
f 1170 1169 1172
f 1171 1172 1173
f 1173 1174 1171
f 1096 1171 1174
f 1174 1097 1096
f 1175 1100 1097
f 1097 1174 1175
f 1176 1175 1174
f 1174 1173 1176
f 1175 1176 1177
f 1177 1178 1175
f 1100 1175 1178
f 1178 1101 1100
f 1179 1105 1106
f 1106 1180 1179
f 1181 1179 1180
f 1180 1182 1181
f 1179 1181 1183
f 1183 1184 1179
f 1105 1179 1184
f 1184 1107 1105
f 1185 1111 1112
f 1112 1186 1185
f 1187 1185 1186
f 1186 1188 1187
f 1185 1187 1189
f 1189 1190 1185
f 1111 1185 1190
f 1190 1113 1111
f 1191 1117 1118
f 1118 1192 1191
f 1193 1191 1192
f 1192 1194 1193
f 1191 1193 1195
f 1195 1196 1191
f 1117 1191 1196
f 1196 1119 1117
f 1197 1123 1124
f 1124 1198 1197
f 1199 1197 1198
f 1198 1200 1199
f 1197 1199 1201
f 1201 1202 1197
f 1123 1197 1202
f 1202 1125 1123
f 1203 1128 1125
f 1125 1202 1203
f 1204 1203 1202
f 1202 1201 1204
f 1203 1204 1205
f 1205 1206 1203
f 1128 1203 1206
f 1206 1129 1128
f 1207 1132 1129
f 1129 1206 1207
f 1208 1207 1206
f 1206 1205 1208
f 1207 1208 1209
f 1209 1210 1207
f 1132 1207 1210
f 1210 1133 1132
f 1211 1136 1133
f 1133 1210 1211
f 1212 1211 1210
f 1210 1209 1212
f 1211 1212 1213
f 1213 1214 1211
f 1136 1211 1214
f 1214 1137 1136
f 1215 1140 1137
f 1137 1214 1215
f 1216 1215 1214
f 1214 1213 1216
f 1215 1216 1217
f 1217 1218 1215
f 1140 1215 1218
f 1218 1141 1140
f 1219 1144 1141
f 1141 1218 1219
f 1220 1219 1218
f 1218 1217 1220
f 1219 1220 1221
f 1221 1222 1219
f 1144 1219 1222
f 1222 1145 1144
f 1223 1148 1145
f 1145 1222 1223
f 1224 1223 1222
f 1222 1221 1224
f 1223 1224 1225
f 1225 1226 1223
f 1148 1223 1226
f 1226 1149 1148
f 1227 1152 1149
f 1149 1226 1227
f 1228 1227 1226
f 1226 1225 1228
f 1227 1228 1229
f 1229 1230 1227
f 1152 1227 1230
f 1230 1153 1152
f 1231 1156 1153
f 1153 1230 1231
f 1232 1231 1230
f 1230 1229 1232
f 1231 1232 1233
f 1233 1234 1231
f 1156 1231 1234
f 1234 1157 1156
f 1235 1160 1157
f 1157 1234 1235
f 1236 1235 1234
f 1234 1233 1236
f 1235 1236 1237
f 1237 1238 1235
f 1160 1235 1238
f 1238 1161 1160
f 1239 1164 1161
f 1161 1238 1239
f 1240 1239 1238
f 1238 1237 1240
f 1239 1240 1241
f 1241 1242 1239
f 1164 1239 1242
f 1242 1165 1164
f 1243 1168 1165
f 1165 1242 1243
f 1244 1243 1242
f 1242 1241 1244
f 1243 1244 1245
f 1245 1246 1243
f 1168 1243 1246
f 1246 1169 1168
f 1247 1172 1169
f 1169 1246 1247
f 1248 1247 1246
f 1246 1245 1248
f 1247 1248 1249
f 1249 1250 1247
f 1172 1247 1250
f 1250 1173 1172
f 1251 1176 1173
f 1173 1250 1251
f 1252 1251 1250
f 1250 1249 1252
f 1251 1252 1253
f 1253 1254 1251
f 1176 1251 1254
f 1254 1177 1176
f 1255 1181 1182
f 1182 1256 1255
f 1257 1255 1256
f 1256 1258 1257
f 1255 1257 1259
f 1259 1260 1255
f 1181 1255 1260
f 1260 1183 1181
f 1261 1187 1188
f 1188 1262 1261
f 1263 1261 1262
f 1262 1264 1263
f 1261 1263 1265
f 1265 1266 1261
f 1187 1261 1266
f 1266 1189 1187
f 1267 1268 1269
f 1269 1270 1267
f 26 1267 1270
f 1270 27 26
f 1267 26 33
f 33 1271 1267
f 1268 1267 1271
f 1271 1272 1268
f 1273 1274 1272
f 1272 1271 1273
f 35 1273 1271
f 1271 33 35
f 1273 35 39
f 39 1275 1273
f 1274 1273 1275
f 1275 1276 1274
f 1277 1278 1276
f 1276 1275 1277
f 41 1277 1275
f 1275 39 41
f 1277 41 45
f 45 1279 1277
f 1278 1277 1279
f 1279 1280 1278
f 1281 1282 1280
f 1280 1279 1281
f 47 1281 1279
f 1279 45 47
f 1281 47 51
f 51 1283 1281
f 1282 1281 1283
f 1283 1284 1282
f 1285 1286 1284
f 1284 1283 1285
f 53 1285 1283
f 1283 51 53
f 1285 53 57
f 57 1287 1285
f 1286 1285 1287
f 1287 1288 1286
f 1289 1290 1288
f 1288 1287 1289
f 59 1289 1287
f 1287 57 59
f 1289 59 63
f 63 1291 1289
f 1290 1289 1291
f 1291 1292 1290
f 1293 1294 1292
f 1292 1291 1293
f 65 1293 1291
f 1291 63 65
f 1293 65 69
f 69 1295 1293
f 1294 1293 1295
f 1295 1296 1294
f 1297 1298 1296
f 1296 1295 1297
f 71 1297 1295
f 1295 69 71
f 1297 71 75
f 75 1299 1297
f 1298 1297 1299
f 1299 1300 1298
f 1301 1302 1300
f 1300 1299 1301
f 77 1301 1299
f 1299 75 77
f 1301 77 81
f 81 1303 1301
f 1302 1301 1303
f 1303 1304 1302
f 1305 1306 1304
f 1304 1303 1305
f 83 1305 1303
f 1303 81 83
f 1305 83 87
f 87 1307 1305
f 1306 1305 1307
f 1307 1308 1306
f 1309 1310 1308
f 1308 1307 1309
f 89 1309 1307
f 1307 87 89
f 1309 89 93
f 93 1311 1309
f 1310 1309 1311
f 1311 1312 1310
f 1313 1314 1312
f 1312 1311 1313
f 95 1313 1311
f 1311 93 95
f 1313 95 99
f 99 1315 1313
f 1314 1313 1315
f 1315 1316 1314
f 1317 1318 1316
f 1316 1315 1317
f 101 1317 1315
f 1315 99 101
f 1317 101 105
f 105 1319 1317
f 1318 1317 1319
f 1319 1320 1318
f 1321 1322 1320
f 1320 1319 1321
f 107 1321 1319
f 1319 105 107
f 1321 107 111
f 111 1323 1321
f 1322 1321 1323
f 1323 1324 1322
f 1325 1326 1327
f 1327 1328 1325
f 113 1325 1328
f 1328 114 113
f 1325 113 120
f 120 1329 1325
f 1326 1325 1329
f 1329 1330 1326
f 1331 1332 7
f 7 5 1331
f 1333 1331 5
f 5 6 1333
f 1331 1333 1334
f 1334 1335 1331
f 1332 1331 1335
f 1335 1336 1332
f 1337 1338 1336
f 1336 1335 1337
f 1339 1337 1335
f 1335 1334 1339
f 1337 1339 1340
f 1340 1341 1337
f 1338 1337 1341
f 1341 1342 1338
f 1343 1344 3
f 3 2 1343
f 1345 1343 2
f 2 9 1345
f 1343 1345 1346
f 1346 1347 1343
f 1344 1343 1347
f 1347 1348 1344
f 1349 1350 1348
f 1348 1347 1349
f 1351 1349 1347
f 1347 1346 1351
f 1349 1351 1352
f 1352 1353 1349
f 1350 1349 1353
f 1353 1354 1350
f 1355 1356 16
f 16 14 1355
f 1357 1355 14
f 14 15 1357
f 1355 1357 1358
f 1358 1359 1355
f 1356 1355 1359
f 1359 1360 1356
f 1361 1362 1360
f 1360 1359 1361
f 1363 1361 1359
f 1359 1358 1363
f 1361 1363 1354
f 1354 1353 1361
f 1362 1361 1353
f 1353 1352 1362
f 1364 1365 12
f 12 11 1364
f 1366 1364 11
f 11 18 1366
f 1364 1366 1367
f 1367 1368 1364
f 1365 1364 1368
f 1368 1369 1365
f 1370 1371 1369
f 1369 1368 1370
f 1372 1370 1368
f 1368 1367 1372
f 1370 1372 1373
f 1373 1374 1370
f 1371 1370 1374
f 1374 1375 1371
f 1376 1377 22
f 22 20 1376
f 1344 1376 20
f 20 3 1344
f 1376 1344 1348
f 1348 1378 1376
f 1377 1376 1378
f 1378 1379 1377
f 1380 1381 1379
f 1379 1378 1380
f 1350 1380 1378
f 1378 1348 1350
f 1380 1350 1354
f 1354 1382 1380
f 1381 1380 1382
f 1382 1383 1381
f 1384 1333 6
f 6 24 1384
f 1385 1384 24
f 24 23 1385
f 1384 1385 1386
f 1386 1387 1384
f 1333 1384 1387
f 1387 1334 1333
f 1388 1339 1334
f 1334 1387 1388
f 1389 1388 1387
f 1387 1386 1389
f 1388 1389 1390
f 1390 1391 1388
f 1339 1388 1391
f 1391 1340 1339
f 1392 1393 30
f 30 28 1392
f 1394 1392 28
f 28 27 1394
f 1392 1394 1395
f 1395 1396 1392
f 1393 1392 1396
f 1396 1397 1393
f 1398 1399 1397
f 1397 1396 1398
f 1400 1398 1396
f 1396 1395 1400
f 1398 1400 1340
f 1340 1391 1398
f 1399 1398 1391
f 1391 1390 1399
f 1401 1402 111
f 111 110 1401
f 1403 1401 110
f 110 109 1403
f 1401 1403 1404
f 1404 1405 1401
f 1402 1401 1405
f 1405 1406 1402
f 1407 1408 1406
f 1406 1405 1407
f 1409 1407 1405
f 1405 1404 1409
f 1407 1409 1410
f 1410 1411 1407
f 1408 1407 1411
f 1411 1412 1408
f 1413 1414 117
f 117 115 1413
f 1415 1413 115
f 115 114 1415
f 1413 1415 1416
f 1416 1417 1413
f 1414 1413 1417
f 1417 1418 1414
f 1419 1420 1418
f 1418 1417 1419
f 1421 1419 1417
f 1417 1416 1421
f 1419 1421 1412
f 1412 1411 1419
f 1420 1419 1411
f 1411 1410 1420
f 1422 1423 120
f 120 119 1422
f 1424 1422 119
f 119 118 1424
f 1422 1424 1425
f 1425 1426 1422
f 1423 1422 1426
f 1426 1427 1423
f 1428 1429 1427
f 1427 1426 1428
f 1430 1428 1426
f 1426 1425 1430
f 1428 1430 1431
f 1431 1432 1428
f 1429 1428 1432
f 1432 1375 1429
f 1433 1434 124
f 124 122 1433
f 1365 1433 122
f 122 12 1365
f 1433 1365 1369
f 1369 1435 1433
f 1434 1433 1435
f 1435 1436 1434
f 1437 1438 1436
f 1436 1435 1437
f 1371 1437 1435
f 1435 1369 1371
f 1437 1371 1375
f 1375 1432 1437
f 1438 1437 1432
f 1432 1431 1438
f 1439 1357 15
f 15 126 1439
f 1440 1439 126
f 126 125 1440
f 1439 1440 1441
f 1441 1442 1439
f 1357 1439 1442
f 1442 1358 1357
f 1443 1363 1358
f 1358 1442 1443
f 1444 1443 1442
f 1442 1441 1444
f 1443 1444 1383
f 1383 1382 1443
f 1363 1443 1382
f 1382 1354 1363
f 1445 1446 130
f 130 128 1445
f 1377 1445 128
f 128 22 1377
f 1445 1377 1379
f 1379 1447 1445
f 1446 1445 1447
f 1447 1448 1446
f 1449 1450 1448
f 1448 1447 1449
f 1381 1449 1447
f 1447 1379 1381
f 1449 1381 1383
f 1383 1451 1449
f 1450 1449 1451
f 1451 1452 1450
f 1453 1385 23
f 23 132 1453
f 1454 1453 132
f 132 131 1454
f 1453 1454 1455
f 1455 1456 1453
f 1385 1453 1456
f 1456 1386 1385
f 1457 1389 1386
f 1386 1456 1457
f 1458 1457 1456
f 1456 1455 1458
f 1457 1458 1459
f 1459 1460 1457
f 1389 1457 1460
f 1460 1390 1389
f 1461 1462 136
f 136 134 1461
f 1393 1461 134
f 134 30 1393
f 1461 1393 1397
f 1397 1463 1461
f 1462 1461 1463
f 1463 1464 1462
f 1465 1466 1464
f 1464 1463 1465
f 1399 1465 1463
f 1463 1397 1399
f 1465 1399 1390
f 1390 1460 1465
f 1466 1465 1460
f 1460 1459 1466
f 1467 1403 109
f 109 190 1467
f 1468 1467 190
f 190 189 1468
f 1467 1468 1469
f 1469 1470 1467
f 1403 1467 1470
f 1470 1404 1403
f 1471 1409 1404
f 1404 1470 1471
f 1472 1471 1470
f 1470 1469 1472
f 1471 1472 1473
f 1473 1474 1471
f 1409 1471 1474
f 1474 1410 1409
f 1475 1476 194
f 194 192 1475
f 1414 1475 192
f 192 117 1414
f 1475 1414 1418
f 1418 1477 1475
f 1476 1475 1477
f 1477 1478 1476
f 1479 1480 1478
f 1478 1477 1479
f 1420 1479 1477
f 1477 1418 1420
f 1479 1420 1410
f 1410 1474 1479
f 1480 1479 1474
f 1474 1473 1480
f 1481 1424 118
f 118 196 1481
f 1482 1481 196
f 196 195 1482
f 1481 1482 1483
f 1483 1484 1481
f 1424 1481 1484
f 1484 1425 1424
f 1485 1430 1425
f 1425 1484 1485
f 1486 1485 1484
f 1484 1483 1486
f 1485 1486 1487
f 1487 1488 1485
f 1430 1485 1488
f 1488 1431 1430
f 1489 1490 200
f 200 198 1489
f 1434 1489 198
f 198 124 1434
f 1489 1434 1436
f 1436 1491 1489
f 1490 1489 1491
f 1491 1492 1490
f 1493 1494 1492
f 1492 1491 1493
f 1438 1493 1491
f 1491 1436 1438
f 1493 1438 1431
f 1431 1488 1493
f 1494 1493 1488
f 1488 1487 1494
f 1495 1440 125
f 125 202 1495
f 1496 1495 202
f 202 201 1496
f 1495 1496 1497
f 1497 1498 1495
f 1440 1495 1498
f 1498 1441 1440
f 1499 1444 1441
f 1441 1498 1499
f 1500 1499 1498
f 1498 1497 1500
f 1499 1500 1452
f 1452 1451 1499
f 1444 1499 1451
f 1451 1383 1444
f 1501 1502 206
f 206 204 1501
f 1446 1501 204
f 204 130 1446
f 1501 1446 1448
f 1448 1503 1501
f 1502 1501 1503
f 1503 1504 1502
f 1505 1506 1504
f 1504 1503 1505
f 1450 1505 1503
f 1503 1448 1450
f 1505 1450 1452
f 1452 1507 1505
f 1506 1505 1507
f 1507 1508 1506
f 1509 1454 131
f 131 208 1509
f 1510 1509 208
f 208 207 1510
f 1509 1510 1511
f 1511 1512 1509
f 1454 1509 1512
f 1512 1455 1454
f 1513 1458 1455
f 1455 1512 1513
f 1514 1513 1512
f 1512 1511 1514
f 1513 1514 1515
f 1515 1516 1513
f 1458 1513 1516
f 1516 1459 1458
f 1517 1518 212
f 212 210 1517
f 1462 1517 210
f 210 136 1462
f 1517 1462 1464
f 1464 1519 1517
f 1518 1517 1519
f 1519 1520 1518
f 1521 1522 1520
f 1520 1519 1521
f 1466 1521 1519
f 1519 1464 1466
f 1521 1466 1459
f 1459 1516 1521
f 1522 1521 1516
f 1516 1515 1522
f 1523 1468 189
f 189 266 1523
f 1524 1523 266
f 266 265 1524
f 1523 1524 1525
f 1525 1526 1523
f 1468 1523 1526
f 1526 1469 1468
f 1527 1472 1469
f 1469 1526 1527
f 1528 1527 1526
f 1526 1525 1528
f 1527 1528 1529
f 1529 1530 1527
f 1472 1527 1530
f 1530 1473 1472
f 1531 1532 270
f 270 268 1531
f 1476 1531 268
f 268 194 1476
f 1531 1476 1478
f 1478 1533 1531
f 1532 1531 1533
f 1533 1534 1532
f 1535 1536 1534
f 1534 1533 1535
f 1480 1535 1533
f 1533 1478 1480
f 1535 1480 1473
f 1473 1530 1535
f 1536 1535 1530
f 1530 1529 1536
f 1537 1482 195
f 195 272 1537
f 1538 1537 272
f 272 271 1538
f 1537 1538 1539
f 1539 1540 1537
f 1482 1537 1540
f 1540 1483 1482
f 1541 1486 1483
f 1483 1540 1541
f 1542 1541 1540
f 1540 1539 1542
f 1541 1542 1543
f 1543 1544 1541
f 1486 1541 1544
f 1544 1487 1486
f 1545 1546 276
f 276 274 1545
f 1490 1545 274
f 274 200 1490
f 1545 1490 1492
f 1492 1547 1545
f 1546 1545 1547
f 1547 1548 1546
f 1549 1550 1548
f 1548 1547 1549
f 1494 1549 1547
f 1547 1492 1494
f 1549 1494 1487
f 1487 1544 1549
f 1550 1549 1544
f 1544 1543 1550
f 1551 1496 201
f 201 278 1551
f 1552 1551 278
f 278 277 1552
f 1551 1552 1553
f 1553 1554 1551
f 1496 1551 1554
f 1554 1497 1496
f 1555 1500 1497
f 1497 1554 1555
f 1556 1555 1554
f 1554 1553 1556
f 1555 1556 1508
f 1508 1507 1555
f 1500 1555 1507
f 1507 1452 1500
f 1557 1558 282
f 282 280 1557
f 1502 1557 280
f 280 206 1502
f 1557 1502 1504
f 1504 1559 1557
f 1558 1557 1559
f 1559 1560 1558
f 1561 1562 1560
f 1560 1559 1561
f 1506 1561 1559
f 1559 1504 1506
f 1561 1506 1508
f 1508 1563 1561
f 1562 1561 1563
f 1563 1564 1562
f 1565 1510 207
f 207 284 1565
f 1566 1565 284
f 284 283 1566
f 1565 1566 1567
f 1567 1568 1565
f 1510 1565 1568
f 1568 1511 1510
f 1569 1514 1511
f 1511 1568 1569
f 1570 1569 1568
f 1568 1567 1570
f 1569 1570 1571
f 1571 1572 1569
f 1514 1569 1572
f 1572 1515 1514
f 1573 1574 288
f 288 286 1573
f 1518 1573 286
f 286 212 1518
f 1573 1518 1520
f 1520 1575 1573
f 1574 1573 1575
f 1575 1576 1574
f 1577 1578 1576
f 1576 1575 1577
f 1522 1577 1575
f 1575 1520 1522
f 1577 1522 1515
f 1515 1572 1577
f 1578 1577 1572
f 1572 1571 1578
f 1579 1524 265
f 265 342 1579
f 1580 1579 342
f 342 341 1580
f 1579 1580 1581
f 1581 1582 1579
f 1524 1579 1582
f 1582 1525 1524
f 1583 1528 1525
f 1525 1582 1583
f 1584 1583 1582
f 1582 1581 1584
f 1583 1584 1585
f 1585 1586 1583
f 1528 1583 1586
f 1586 1529 1528
f 1587 1588 346
f 346 344 1587
f 1532 1587 344
f 344 270 1532
f 1587 1532 1534
f 1534 1589 1587
f 1588 1587 1589
f 1589 1590 1588
f 1591 1592 1590
f 1590 1589 1591
f 1536 1591 1589
f 1589 1534 1536
f 1591 1536 1529
f 1529 1586 1591
f 1592 1591 1586
f 1586 1585 1592
f 1593 1538 271
f 271 348 1593
f 1594 1593 348
f 348 347 1594
f 1593 1594 1595
f 1595 1596 1593
f 1538 1593 1596
f 1596 1539 1538
f 1597 1542 1539
f 1539 1596 1597
f 1598 1597 1596
f 1596 1595 1598
f 1597 1598 1599
f 1599 1600 1597
f 1542 1597 1600
f 1600 1543 1542
f 1601 1602 352
f 352 350 1601
f 1546 1601 350
f 350 276 1546
f 1601 1546 1548
f 1548 1603 1601
f 1602 1601 1603
f 1603 1604 1602
f 1605 1606 1604
f 1604 1603 1605
f 1550 1605 1603
f 1603 1548 1550
f 1605 1550 1543
f 1543 1600 1605
f 1606 1605 1600
f 1600 1599 1606
f 1607 1552 277
f 277 354 1607
f 1608 1607 354
f 354 353 1608
f 1607 1608 1609
f 1609 1610 1607
f 1552 1607 1610
f 1610 1553 1552
f 1611 1556 1553
f 1553 1610 1611
f 1612 1611 1610
f 1610 1609 1612
f 1611 1612 1564
f 1564 1563 1611
f 1556 1611 1563
f 1563 1508 1556
f 1613 1614 358
f 358 356 1613
f 1558 1613 356
f 356 282 1558
f 1613 1558 1560
f 1560 1615 1613
f 1614 1613 1615
f 1615 1616 1614
f 1617 1618 1616
f 1616 1615 1617
f 1562 1617 1615
f 1615 1560 1562
f 1617 1562 1564
f 1564 1619 1617
f 1618 1617 1619
f 1619 1620 1618
f 1621 1566 283
f 283 360 1621
f 1622 1621 360
f 360 359 1622
f 1621 1622 1623
f 1623 1624 1621
f 1566 1621 1624
f 1624 1567 1566
f 1625 1570 1567
f 1567 1624 1625
f 1626 1625 1624
f 1624 1623 1626
f 1625 1626 1627
f 1627 1628 1625
f 1570 1625 1628
f 1628 1571 1570
f 1629 1630 364
f 364 362 1629
f 1574 1629 362
f 362 288 1574
f 1629 1574 1576
f 1576 1631 1629
f 1630 1629 1631
f 1631 1632 1630
f 1633 1634 1632
f 1632 1631 1633
f 1578 1633 1631
f 1631 1576 1578
f 1633 1578 1571
f 1571 1628 1633
f 1634 1633 1628
f 1628 1627 1634
f 1635 1580 341
f 341 418 1635
f 1636 1635 418
f 418 417 1636
f 1635 1636 1637
f 1637 1638 1635
f 1580 1635 1638
f 1638 1581 1580
f 1639 1584 1581
f 1581 1638 1639
f 1640 1639 1638
f 1638 1637 1640
f 1639 1640 1641
f 1641 1642 1639
f 1584 1639 1642
f 1642 1585 1584
f 1643 1644 422
f 422 420 1643
f 1588 1643 420
f 420 346 1588
f 1643 1588 1590
f 1590 1645 1643
f 1644 1643 1645
f 1645 1646 1644
f 1647 1648 1646
f 1646 1645 1647
f 1592 1647 1645
f 1645 1590 1592
f 1647 1592 1585
f 1585 1642 1647
f 1648 1647 1642
f 1642 1641 1648
f 1649 1594 347
f 347 424 1649
f 1650 1649 424
f 424 423 1650
f 1649 1650 1651
f 1651 1652 1649
f 1594 1649 1652
f 1652 1595 1594
f 1653 1598 1595
f 1595 1652 1653
f 1654 1653 1652
f 1652 1651 1654
f 1653 1654 1655
f 1655 1656 1653
f 1598 1653 1656
f 1656 1599 1598
f 1657 1658 428
f 428 426 1657
f 1602 1657 426
f 426 352 1602
f 1657 1602 1604
f 1604 1659 1657
f 1658 1657 1659
f 1659 1660 1658
f 1661 1662 1660
f 1660 1659 1661
f 1606 1661 1659
f 1659 1604 1606
f 1661 1606 1599
f 1599 1656 1661
f 1662 1661 1656
f 1656 1655 1662
f 1663 1608 353
f 353 430 1663
f 1664 1663 430
f 430 429 1664
f 1663 1664 1665
f 1665 1666 1663
f 1608 1663 1666
f 1666 1609 1608
f 1667 1612 1609
f 1609 1666 1667
f 1668 1667 1666
f 1666 1665 1668
f 1667 1668 1620
f 1620 1619 1667
f 1612 1667 1619
f 1619 1564 1612
f 1669 1670 434
f 434 432 1669
f 1614 1669 432
f 432 358 1614
f 1669 1614 1616
f 1616 1671 1669
f 1670 1669 1671
f 1671 1672 1670
f 1673 1674 1672
f 1672 1671 1673
f 1618 1673 1671
f 1671 1616 1618
f 1673 1618 1620
f 1620 1675 1673
f 1674 1673 1675
f 1675 1676 1674
f 1677 1622 359
f 359 436 1677
f 1678 1677 436
f 436 435 1678
f 1677 1678 1679
f 1679 1680 1677
f 1622 1677 1680
f 1680 1623 1622
f 1681 1626 1623
f 1623 1680 1681
f 1682 1681 1680
f 1680 1679 1682
f 1681 1682 1683
f 1683 1684 1681
f 1626 1681 1684
f 1684 1627 1626
f 1685 1686 440
f 440 438 1685
f 1630 1685 438
f 438 364 1630
f 1685 1630 1632
f 1632 1687 1685
f 1686 1685 1687
f 1687 1688 1686
f 1689 1690 1688
f 1688 1687 1689
f 1634 1689 1687
f 1687 1632 1634
f 1689 1634 1627
f 1627 1684 1689
f 1690 1689 1684
f 1684 1683 1690
f 1691 1636 417
f 417 494 1691
f 1692 1691 494
f 494 493 1692
f 1691 1692 1693
f 1693 1694 1691
f 1636 1691 1694
f 1694 1637 1636
f 1695 1640 1637
f 1637 1694 1695
f 1696 1695 1694
f 1694 1693 1696
f 1695 1696 1697
f 1697 1698 1695
f 1640 1695 1698
f 1698 1641 1640
f 1699 1700 498
f 498 496 1699
f 1644 1699 496
f 496 422 1644
f 1699 1644 1646
f 1646 1701 1699
f 1700 1699 1701
f 1701 1702 1700
f 1703 1704 1702
f 1702 1701 1703
f 1648 1703 1701
f 1701 1646 1648
f 1703 1648 1641
f 1641 1698 1703
f 1704 1703 1698
f 1698 1697 1704
f 1705 1650 423
f 423 500 1705
f 1706 1705 500
f 500 499 1706
f 1705 1706 1707
f 1707 1708 1705
f 1650 1705 1708
f 1708 1651 1650
f 1709 1654 1651
f 1651 1708 1709
f 1710 1709 1708
f 1708 1707 1710
f 1709 1710 1711
f 1711 1712 1709
f 1654 1709 1712
f 1712 1655 1654
f 1713 1714 504
f 504 502 1713
f 1658 1713 502
f 502 428 1658
f 1713 1658 1660
f 1660 1715 1713
f 1714 1713 1715
f 1715 1716 1714
f 1717 1718 1716
f 1716 1715 1717
f 1662 1717 1715
f 1715 1660 1662
f 1717 1662 1655
f 1655 1712 1717
f 1718 1717 1712
f 1712 1711 1718
f 1719 1664 429
f 429 506 1719
f 1720 1719 506
f 506 505 1720
f 1719 1720 1721
f 1721 1722 1719
f 1664 1719 1722
f 1722 1665 1664
f 1723 1668 1665
f 1665 1722 1723
f 1724 1723 1722
f 1722 1721 1724
f 1723 1724 1676
f 1676 1675 1723
f 1668 1723 1675
f 1675 1620 1668
f 1725 1726 510
f 510 508 1725
f 1670 1725 508
f 508 434 1670
f 1725 1670 1672
f 1672 1727 1725
f 1726 1725 1727
f 1727 1728 1726
f 1729 1730 1728
f 1728 1727 1729
f 1674 1729 1727
f 1727 1672 1674
f 1729 1674 1676
f 1676 1731 1729
f 1730 1729 1731
f 1731 1732 1730
f 1733 1678 435
f 435 512 1733
f 1734 1733 512
f 512 511 1734
f 1733 1734 1735
f 1735 1736 1733
f 1678 1733 1736
f 1736 1679 1678
f 1737 1682 1679
f 1679 1736 1737
f 1738 1737 1736
f 1736 1735 1738
f 1737 1738 1739
f 1739 1740 1737
f 1682 1737 1740
f 1740 1683 1682
f 1741 1742 516
f 516 514 1741
f 1686 1741 514
f 514 440 1686
f 1741 1686 1688
f 1688 1743 1741
f 1742 1741 1743
f 1743 1744 1742
f 1745 1746 1744
f 1744 1743 1745
f 1690 1745 1743
f 1743 1688 1690
f 1745 1690 1683
f 1683 1740 1745
f 1746 1745 1740
f 1740 1739 1746
f 1747 1692 493
f 493 570 1747
f 1748 1747 570
f 570 569 1748
f 1747 1748 1749
f 1749 1750 1747
f 1692 1747 1750
f 1750 1693 1692
f 1751 1696 1693
f 1693 1750 1751
f 1752 1751 1750
f 1750 1749 1752
f 1751 1752 1753
f 1753 1754 1751
f 1696 1751 1754
f 1754 1697 1696
f 1755 1756 574
f 574 572 1755
f 1700 1755 572
f 572 498 1700
f 1755 1700 1702
f 1702 1757 1755
f 1756 1755 1757
f 1757 1758 1756
f 1759 1760 1758
f 1758 1757 1759
f 1704 1759 1757
f 1757 1702 1704
f 1759 1704 1697
f 1697 1754 1759
f 1760 1759 1754
f 1754 1753 1760
f 1761 1706 499
f 499 576 1761
f 1762 1761 576
f 576 575 1762
f 1761 1762 1763
f 1763 1764 1761
f 1706 1761 1764
f 1764 1707 1706
f 1765 1710 1707
f 1707 1764 1765
f 1766 1765 1764
f 1764 1763 1766
f 1765 1766 1767
f 1767 1768 1765
f 1710 1765 1768
f 1768 1711 1710
f 1769 1770 580
f 580 578 1769
f 1714 1769 578
f 578 504 1714
f 1769 1714 1716
f 1716 1771 1769
f 1770 1769 1771
f 1771 1772 1770
f 1773 1774 1772
f 1772 1771 1773
f 1718 1773 1771
f 1771 1716 1718
f 1773 1718 1711
f 1711 1768 1773
f 1774 1773 1768
f 1768 1767 1774
f 1775 1720 505
f 505 582 1775
f 1776 1775 582
f 582 581 1776
f 1775 1776 1777
f 1777 1778 1775
f 1720 1775 1778
f 1778 1721 1720
f 1779 1724 1721
f 1721 1778 1779
f 1780 1779 1778
f 1778 1777 1780
f 1779 1780 1732
f 1732 1731 1779
f 1724 1779 1731
f 1731 1676 1724
f 1781 1782 586
f 586 584 1781
f 1726 1781 584
f 584 510 1726
f 1781 1726 1728
f 1728 1783 1781
f 1782 1781 1783
f 1783 1784 1782
f 1785 1786 1784
f 1784 1783 1785
f 1730 1785 1783
f 1783 1728 1730
f 1785 1730 1732
f 1732 1787 1785
f 1786 1785 1787
f 1787 1788 1786
f 1789 1734 511
f 511 588 1789
f 1790 1789 588
f 588 587 1790
f 1789 1790 1791
f 1791 1792 1789
f 1734 1789 1792
f 1792 1735 1734
f 1793 1738 1735
f 1735 1792 1793
f 1794 1793 1792
f 1792 1791 1794
f 1793 1794 1795
f 1795 1796 1793
f 1738 1793 1796
f 1796 1739 1738
f 1797 1798 592
f 592 590 1797
f 1742 1797 590
f 590 516 1742
f 1797 1742 1744
f 1744 1799 1797
f 1798 1797 1799
f 1799 1800 1798
f 1801 1802 1800
f 1800 1799 1801
f 1746 1801 1799
f 1799 1744 1746
f 1801 1746 1739
f 1739 1796 1801
f 1802 1801 1796
f 1796 1795 1802
f 1803 1748 569
f 569 646 1803
f 1804 1803 646
f 646 645 1804
f 1803 1804 1805
f 1805 1806 1803
f 1748 1803 1806
f 1806 1749 1748
f 1807 1752 1749
f 1749 1806 1807
f 1808 1807 1806
f 1806 1805 1808
f 1807 1808 1809
f 1809 1810 1807
f 1752 1807 1810
f 1810 1753 1752
f 1811 1812 650
f 650 648 1811
f 1756 1811 648
f 648 574 1756
f 1811 1756 1758
f 1758 1813 1811
f 1812 1811 1813
f 1813 1814 1812
f 1815 1816 1814
f 1814 1813 1815
f 1760 1815 1813
f 1813 1758 1760
f 1815 1760 1753
f 1753 1810 1815
f 1816 1815 1810
f 1810 1809 1816
f 1817 1762 575
f 575 652 1817
f 1818 1817 652
f 652 651 1818
f 1817 1818 1819
f 1819 1820 1817
f 1762 1817 1820
f 1820 1763 1762
f 1821 1766 1763
f 1763 1820 1821
f 1822 1821 1820
f 1820 1819 1822
f 1821 1822 1823
f 1823 1824 1821
f 1766 1821 1824
f 1824 1767 1766
f 1825 1826 656
f 656 654 1825
f 1770 1825 654
f 654 580 1770
f 1825 1770 1772
f 1772 1827 1825
f 1826 1825 1827
f 1827 1828 1826
f 1829 1830 1828
f 1828 1827 1829
f 1774 1829 1827
f 1827 1772 1774
f 1829 1774 1767
f 1767 1824 1829
f 1830 1829 1824
f 1824 1823 1830
f 1831 1776 581
f 581 658 1831
f 1832 1831 658
f 658 657 1832
f 1831 1832 1833
f 1833 1834 1831
f 1776 1831 1834
f 1834 1777 1776
f 1835 1780 1777
f 1777 1834 1835
f 1836 1835 1834
f 1834 1833 1836
f 1835 1836 1788
f 1788 1787 1835
f 1780 1835 1787
f 1787 1732 1780
f 1837 1838 662
f 662 660 1837
f 1782 1837 660
f 660 586 1782
f 1837 1782 1784
f 1784 1839 1837
f 1838 1837 1839
f 1839 1840 1838
f 1841 1842 1840
f 1840 1839 1841
f 1786 1841 1839
f 1839 1784 1786
f 1841 1786 1788
f 1788 1843 1841
f 1842 1841 1843
f 1843 1844 1842
f 1845 1790 587
f 587 664 1845
f 1846 1845 664
f 664 663 1846
f 1845 1846 1847
f 1847 1848 1845
f 1790 1845 1848
f 1848 1791 1790
f 1849 1794 1791
f 1791 1848 1849
f 1850 1849 1848
f 1848 1847 1850
f 1849 1850 1851
f 1851 1852 1849
f 1794 1849 1852
f 1852 1795 1794
f 1853 1854 668
f 668 666 1853
f 1798 1853 666
f 666 592 1798
f 1853 1798 1800
f 1800 1855 1853
f 1854 1853 1855
f 1855 1856 1854
f 1857 1858 1856
f 1856 1855 1857
f 1802 1857 1855
f 1855 1800 1802
f 1857 1802 1795
f 1795 1852 1857
f 1858 1857 1852
f 1852 1851 1858
f 1859 1804 645
f 645 722 1859
f 1860 1859 722
f 722 721 1860
f 1859 1860 1861
f 1861 1862 1859
f 1804 1859 1862
f 1862 1805 1804
f 1863 1808 1805
f 1805 1862 1863
f 1864 1863 1862
f 1862 1861 1864
f 1863 1864 1865
f 1865 1866 1863
f 1808 1863 1866
f 1866 1809 1808
f 1867 1868 726
f 726 724 1867
f 1812 1867 724
f 724 650 1812
f 1867 1812 1814
f 1814 1869 1867
f 1868 1867 1869
f 1869 1870 1868
f 1871 1872 1870
f 1870 1869 1871
f 1816 1871 1869
f 1869 1814 1816
f 1871 1816 1809
f 1809 1866 1871
f 1872 1871 1866
f 1866 1865 1872
f 1873 1818 651
f 651 728 1873
f 1874 1873 728
f 728 727 1874
f 1873 1874 1875
f 1875 1876 1873
f 1818 1873 1876
f 1876 1819 1818
f 1877 1822 1819
f 1819 1876 1877
f 1878 1877 1876
f 1876 1875 1878
f 1877 1878 1879
f 1879 1880 1877
f 1822 1877 1880
f 1880 1823 1822
f 1881 1882 732
f 732 730 1881
f 1826 1881 730
f 730 656 1826
f 1881 1826 1828
f 1828 1883 1881
f 1882 1881 1883
f 1883 1884 1882
f 1885 1886 1884
f 1884 1883 1885
f 1830 1885 1883
f 1883 1828 1830
f 1885 1830 1823
f 1823 1880 1885
f 1886 1885 1880
f 1880 1879 1886
f 1887 1832 657
f 657 734 1887
f 1888 1887 734
f 734 733 1888
f 1887 1888 1889
f 1889 1890 1887
f 1832 1887 1890
f 1890 1833 1832
f 1891 1836 1833
f 1833 1890 1891
f 1892 1891 1890
f 1890 1889 1892
f 1891 1892 1844
f 1844 1843 1891
f 1836 1891 1843
f 1843 1788 1836
f 1893 1894 738
f 738 736 1893
f 1838 1893 736
f 736 662 1838
f 1893 1838 1840
f 1840 1895 1893
f 1894 1893 1895
f 1895 1896 1894
f 1897 1898 1896
f 1896 1895 1897
f 1842 1897 1895
f 1895 1840 1842
f 1897 1842 1844
f 1844 1899 1897
f 1898 1897 1899
f 1899 1900 1898
f 1901 1846 663
f 663 740 1901
f 1902 1901 740
f 740 739 1902
f 1901 1902 1903
f 1903 1904 1901
f 1846 1901 1904
f 1904 1847 1846
f 1905 1850 1847
f 1847 1904 1905
f 1906 1905 1904
f 1904 1903 1906
f 1905 1906 1907
f 1907 1908 1905
f 1850 1905 1908
f 1908 1851 1850
f 1909 1910 744
f 744 742 1909
f 1854 1909 742
f 742 668 1854
f 1909 1854 1856
f 1856 1911 1909
f 1910 1909 1911
f 1911 1912 1910
f 1913 1914 1912
f 1912 1911 1913
f 1858 1913 1911
f 1911 1856 1858
f 1913 1858 1851
f 1851 1908 1913
f 1914 1913 1908
f 1908 1907 1914
f 1915 1860 721
f 721 798 1915
f 1916 1915 798
f 798 797 1916
f 1915 1916 1917
f 1917 1918 1915
f 1860 1915 1918
f 1918 1861 1860
f 1919 1864 1861
f 1861 1918 1919
f 1920 1919 1918
f 1918 1917 1920
f 1919 1920 1921
f 1921 1922 1919
f 1864 1919 1922
f 1922 1865 1864
f 1923 1924 802
f 802 800 1923
f 1868 1923 800
f 800 726 1868
f 1923 1868 1870
f 1870 1925 1923
f 1924 1923 1925
f 1925 1926 1924
f 1927 1928 1926
f 1926 1925 1927
f 1872 1927 1925
f 1925 1870 1872
f 1927 1872 1865
f 1865 1922 1927
f 1928 1927 1922
f 1922 1921 1928
f 1929 1874 727
f 727 804 1929
f 1930 1929 804
f 804 803 1930
f 1929 1930 1931
f 1931 1932 1929
f 1874 1929 1932
f 1932 1875 1874
f 1933 1878 1875
f 1875 1932 1933
f 1934 1933 1932
f 1932 1931 1934
f 1933 1934 1935
f 1935 1936 1933
f 1878 1933 1936
f 1936 1879 1878
f 1937 1938 808
f 808 806 1937
f 1882 1937 806
f 806 732 1882
f 1937 1882 1884
f 1884 1939 1937
f 1938 1937 1939
f 1939 1940 1938
f 1941 1942 1940
f 1940 1939 1941
f 1886 1941 1939
f 1939 1884 1886
f 1941 1886 1879
f 1879 1936 1941
f 1942 1941 1936
f 1936 1935 1942
f 1943 1888 733
f 733 810 1943
f 1944 1943 810
f 810 809 1944
f 1943 1944 1945
f 1945 1946 1943
f 1888 1943 1946
f 1946 1889 1888
f 1947 1892 1889
f 1889 1946 1947
f 1948 1947 1946
f 1946 1945 1948
f 1947 1948 1900
f 1900 1899 1947
f 1892 1947 1899
f 1899 1844 1892
f 1949 1950 814
f 814 812 1949
f 1894 1949 812
f 812 738 1894
f 1949 1894 1896
f 1896 1951 1949
f 1950 1949 1951
f 1951 1952 1950
f 1953 1954 1952
f 1952 1951 1953
f 1898 1953 1951
f 1951 1896 1898
f 1953 1898 1900
f 1900 1955 1953
f 1954 1953 1955
f 1955 1956 1954
f 1957 1902 739
f 739 816 1957
f 1958 1957 816
f 816 815 1958
f 1957 1958 1959
f 1959 1960 1957
f 1902 1957 1960
f 1960 1903 1902
f 1961 1906 1903
f 1903 1960 1961
f 1962 1961 1960
f 1960 1959 1962
f 1961 1962 1963
f 1963 1964 1961
f 1906 1961 1964
f 1964 1907 1906
f 1965 1966 820
f 820 818 1965
f 1910 1965 818
f 818 744 1910
f 1965 1910 1912
f 1912 1967 1965
f 1966 1965 1967
f 1967 1968 1966
f 1969 1970 1968
f 1968 1967 1969
f 1914 1969 1967
f 1967 1912 1914
f 1969 1914 1907
f 1907 1964 1969
f 1970 1969 1964
f 1964 1963 1970
f 1971 1916 797
f 797 874 1971
f 1972 1971 874
f 874 873 1972
f 1971 1972 1973
f 1973 1974 1971
f 1916 1971 1974
f 1974 1917 1916
f 1975 1920 1917
f 1917 1974 1975
f 1976 1975 1974
f 1974 1973 1976
f 1975 1976 1977
f 1977 1978 1975
f 1920 1975 1978
f 1978 1921 1920
f 1979 1980 878
f 878 876 1979
f 1924 1979 876
f 876 802 1924
f 1979 1924 1926
f 1926 1981 1979
f 1980 1979 1981
f 1981 1982 1980
f 1983 1984 1982
f 1982 1981 1983
f 1928 1983 1981
f 1981 1926 1928
f 1983 1928 1921
f 1921 1978 1983
f 1984 1983 1978
f 1978 1977 1984
f 1985 1930 803
f 803 880 1985
f 1986 1985 880
f 880 879 1986
f 1985 1986 1987
f 1987 1988 1985
f 1930 1985 1988
f 1988 1931 1930
f 1989 1934 1931
f 1931 1988 1989
f 1990 1989 1988
f 1988 1987 1990
f 1989 1990 1991
f 1991 1992 1989
f 1934 1989 1992
f 1992 1935 1934
f 1993 1994 884
f 884 882 1993
f 1938 1993 882
f 882 808 1938
f 1993 1938 1940
f 1940 1995 1993
f 1994 1993 1995
f 1995 1996 1994
f 1997 1998 1996
f 1996 1995 1997
f 1942 1997 1995
f 1995 1940 1942
f 1997 1942 1935
f 1935 1992 1997
f 1998 1997 1992
f 1992 1991 1998
f 1999 1944 809
f 809 886 1999
f 2000 1999 886
f 886 885 2000
f 1999 2000 2001
f 2001 2002 1999
f 1944 1999 2002
f 2002 1945 1944
f 2003 1948 1945
f 1945 2002 2003
f 2004 2003 2002
f 2002 2001 2004
f 2003 2004 1956
f 1956 1955 2003
f 1948 2003 1955
f 1955 1900 1948
f 2005 2006 890
f 890 888 2005
f 1950 2005 888
f 888 814 1950
f 2005 1950 1952
f 1952 2007 2005
f 2006 2005 2007
f 2007 2008 2006
f 2009 2010 2008
f 2008 2007 2009
f 1954 2009 2007
f 2007 1952 1954
f 2009 1954 1956
f 1956 2011 2009
f 2010 2009 2011
f 2011 2012 2010
f 2013 1958 815
f 815 892 2013
f 2014 2013 892
f 892 891 2014
f 2013 2014 2015
f 2015 2016 2013
f 1958 2013 2016
f 2016 1959 1958
f 2017 1962 1959
f 1959 2016 2017
f 2018 2017 2016
f 2016 2015 2018
f 2017 2018 2019
f 2019 2020 2017
f 1962 2017 2020
f 2020 1963 1962
f 2021 2022 896
f 896 894 2021
f 1966 2021 894
f 894 820 1966
f 2021 1966 1968
f 1968 2023 2021
f 2022 2021 2023
f 2023 2024 2022
f 2025 2026 2024
f 2024 2023 2025
f 1970 2025 2023
f 2023 1968 1970
f 2025 1970 1963
f 1963 2020 2025
f 2026 2025 2020
f 2020 2019 2026
f 2027 1972 873
f 873 950 2027
f 2028 2027 950
f 950 949 2028
f 2027 2028 2029
f 2029 2030 2027
f 1972 2027 2030
f 2030 1973 1972
f 2031 1976 1973
f 1973 2030 2031
f 2032 2031 2030
f 2030 2029 2032
f 2031 2032 2033
f 2033 2034 2031
f 1976 2031 2034
f 2034 1977 1976
f 2035 2036 954
f 954 952 2035
f 1980 2035 952
f 952 878 1980
f 2035 1980 1982
f 1982 2037 2035
f 2036 2035 2037
f 2037 2038 2036
f 2039 2040 2038
f 2038 2037 2039
f 1984 2039 2037
f 2037 1982 1984
f 2039 1984 1977
f 1977 2034 2039
f 2040 2039 2034
f 2034 2033 2040
f 2041 1986 879
f 879 956 2041
f 2042 2041 956
f 956 955 2042
f 2041 2042 2043
f 2043 2044 2041
f 1986 2041 2044
f 2044 1987 1986
f 2045 1990 1987
f 1987 2044 2045
f 2046 2045 2044
f 2044 2043 2046
f 2045 2046 2047
f 2047 2048 2045
f 1990 2045 2048
f 2048 1991 1990
f 2049 2050 960
f 960 958 2049
f 1994 2049 958
f 958 884 1994
f 2049 1994 1996
f 1996 2051 2049
f 2050 2049 2051
f 2051 2052 2050
f 2053 2054 2052
f 2052 2051 2053
f 1998 2053 2051
f 2051 1996 1998
f 2053 1998 1991
f 1991 2048 2053
f 2054 2053 2048
f 2048 2047 2054
f 2055 2000 885
f 885 962 2055
f 2056 2055 962
f 962 961 2056
f 2055 2056 2057
f 2057 2058 2055
f 2000 2055 2058
f 2058 2001 2000
f 2059 2004 2001
f 2001 2058 2059
f 2060 2059 2058
f 2058 2057 2060
f 2059 2060 2012
f 2012 2011 2059
f 2004 2059 2011
f 2011 1956 2004
f 2061 2062 966
f 966 964 2061
f 2006 2061 964
f 964 890 2006
f 2061 2006 2008
f 2008 2063 2061
f 2062 2061 2063
f 2063 2064 2062
f 2065 2066 2064
f 2064 2063 2065
f 2010 2065 2063
f 2063 2008 2010
f 2065 2010 2012
f 2012 2067 2065
f 2066 2065 2067
f 2067 2068 2066
f 2069 2014 891
f 891 968 2069
f 2070 2069 968
f 968 967 2070
f 2069 2070 2071
f 2071 2072 2069
f 2014 2069 2072
f 2072 2015 2014
f 2073 2018 2015
f 2015 2072 2073
f 2074 2073 2072
f 2072 2071 2074
f 2073 2074 2075
f 2075 2076 2073
f 2018 2073 2076
f 2076 2019 2018
f 2077 2078 972
f 972 970 2077
f 2022 2077 970
f 970 896 2022
f 2077 2022 2024
f 2024 2079 2077
f 2078 2077 2079
f 2079 2080 2078
f 2081 2082 2080
f 2080 2079 2081
f 2026 2081 2079
f 2079 2024 2026
f 2081 2026 2019
f 2019 2076 2081
f 2082 2081 2076
f 2076 2075 2082
f 2083 2028 949
f 949 1026 2083
f 2084 2083 1026
f 1026 1025 2084
f 2083 2084 2085
f 2085 2086 2083
f 2028 2083 2086
f 2086 2029 2028
f 2087 2032 2029
f 2029 2086 2087
f 2088 2087 2086
f 2086 2085 2088
f 2087 2088 2089
f 2089 2090 2087
f 2032 2087 2090
f 2090 2033 2032
f 2091 2092 1030
f 1030 1028 2091
f 2036 2091 1028
f 1028 954 2036
f 2091 2036 2038
f 2038 2093 2091
f 2092 2091 2093
f 2093 2094 2092
f 2095 2096 2094
f 2094 2093 2095
f 2040 2095 2093
f 2093 2038 2040
f 2095 2040 2033
f 2033 2090 2095
f 2096 2095 2090
f 2090 2089 2096
f 2097 2042 955
f 955 1032 2097
f 2098 2097 1032
f 1032 1031 2098
f 2097 2098 2099
f 2099 2100 2097
f 2042 2097 2100
f 2100 2043 2042
f 2101 2046 2043
f 2043 2100 2101
f 2102 2101 2100
f 2100 2099 2102
f 2101 2102 2103
f 2103 2104 2101
f 2046 2101 2104
f 2104 2047 2046
f 2105 2106 1036
f 1036 1034 2105
f 2050 2105 1034
f 1034 960 2050
f 2105 2050 2052
f 2052 2107 2105
f 2106 2105 2107
f 2107 2108 2106
f 2109 2110 2108
f 2108 2107 2109
f 2054 2109 2107
f 2107 2052 2054
f 2109 2054 2047
f 2047 2104 2109
f 2110 2109 2104
f 2104 2103 2110
f 2111 2056 961
f 961 1038 2111
f 2112 2111 1038
f 1038 1037 2112
f 2111 2112 2113
f 2113 2114 2111
f 2056 2111 2114
f 2114 2057 2056
f 2115 2060 2057
f 2057 2114 2115
f 2116 2115 2114
f 2114 2113 2116
f 2115 2116 2068
f 2068 2067 2115
f 2060 2115 2067
f 2067 2012 2060
f 2117 2118 1042
f 1042 1040 2117
f 2062 2117 1040
f 1040 966 2062
f 2117 2062 2064
f 2064 2119 2117
f 2118 2117 2119
f 2119 2120 2118
f 2121 2122 2120
f 2120 2119 2121
f 2066 2121 2119
f 2119 2064 2066
f 2121 2066 2068
f 2068 2123 2121
f 2122 2121 2123
f 2123 2124 2122
f 2125 2070 967
f 967 1044 2125
f 2126 2125 1044
f 1044 1043 2126
f 2125 2126 2127
f 2127 2128 2125
f 2070 2125 2128
f 2128 2071 2070
f 2129 2074 2071
f 2071 2128 2129
f 2130 2129 2128
f 2128 2127 2130
f 2129 2130 2131
f 2131 2132 2129
f 2074 2129 2132
f 2132 2075 2074
f 2133 2134 1048
f 1048 1046 2133
f 2078 2133 1046
f 1046 972 2078
f 2133 2078 2080
f 2080 2135 2133
f 2134 2133 2135
f 2135 2136 2134
f 2137 2138 2136
f 2136 2135 2137
f 2082 2137 2135
f 2135 2080 2082
f 2137 2082 2075
f 2075 2132 2137
f 2138 2137 2132
f 2132 2131 2138
f 2139 2084 1025
f 1025 1102 2139
f 2140 2139 1102
f 1102 1101 2140
f 2139 2140 2141
f 2141 2142 2139
f 2084 2139 2142
f 2142 2085 2084
f 2143 2088 2085
f 2085 2142 2143
f 2144 2143 2142
f 2142 2141 2144
f 2143 2144 2145
f 2145 2146 2143
f 2088 2143 2146
f 2146 2089 2088
f 2147 2148 1106
f 1106 1104 2147
f 2092 2147 1104
f 1104 1030 2092
f 2147 2092 2094
f 2094 2149 2147
f 2148 2147 2149
f 2149 2150 2148
f 2151 2152 2150
f 2150 2149 2151
f 2096 2151 2149
f 2149 2094 2096
f 2151 2096 2089
f 2089 2146 2151
f 2152 2151 2146
f 2146 2145 2152
f 2153 2098 1031
f 1031 1108 2153
f 2154 2153 1108
f 1108 1107 2154
f 2153 2154 2155
f 2155 2156 2153
f 2098 2153 2156
f 2156 2099 2098
f 2157 2102 2099
f 2099 2156 2157
f 2158 2157 2156
f 2156 2155 2158
f 2157 2158 2159
f 2159 2160 2157
f 2102 2157 2160
f 2160 2103 2102
f 2161 2162 1112
f 1112 1110 2161
f 2106 2161 1110
f 1110 1036 2106
f 2161 2106 2108
f 2108 2163 2161
f 2162 2161 2163
f 2163 2164 2162
f 2165 2166 2164
f 2164 2163 2165
f 2110 2165 2163
f 2163 2108 2110
f 2165 2110 2103
f 2103 2160 2165
f 2166 2165 2160
f 2160 2159 2166
f 2167 2112 1037
f 1037 1114 2167
f 2168 2167 1114
f 1114 1113 2168
f 2167 2168 2169
f 2169 2170 2167
f 2112 2167 2170
f 2170 2113 2112
f 2171 2116 2113
f 2113 2170 2171
f 2172 2171 2170
f 2170 2169 2172
f 2171 2172 2124
f 2124 2123 2171
f 2116 2171 2123
f 2123 2068 2116
f 2173 2174 1118
f 1118 1116 2173
f 2118 2173 1116
f 1116 1042 2118
f 2173 2118 2120
f 2120 2175 2173
f 2174 2173 2175
f 2175 2176 2174
f 2177 2178 2176
f 2176 2175 2177
f 2122 2177 2175
f 2175 2120 2122
f 2177 2122 2124
f 2124 2179 2177
f 2178 2177 2179
f 2179 2180 2178
f 2181 2126 1043
f 1043 1120 2181
f 2182 2181 1120
f 1120 1119 2182
f 2181 2182 2183
f 2183 2184 2181
f 2126 2181 2184
f 2184 2127 2126
f 2185 2130 2127
f 2127 2184 2185
f 2186 2185 2184
f 2184 2183 2186
f 2185 2186 2187
f 2187 2188 2185
f 2130 2185 2188
f 2188 2131 2130
f 2189 2190 1124
f 1124 1122 2189
f 2134 2189 1122
f 1122 1048 2134
f 2189 2134 2136
f 2136 2191 2189
f 2190 2189 2191
f 2191 2192 2190
f 2193 2194 2192
f 2192 2191 2193
f 2138 2193 2191
f 2191 2136 2138
f 2193 2138 2131
f 2131 2188 2193
f 2194 2193 2188
f 2188 2187 2194
f 2195 2140 1101
f 1101 1178 2195
f 2196 2195 1178
f 1178 1177 2196
f 2195 2196 2197
f 2197 2198 2195
f 2140 2195 2198
f 2198 2141 2140
f 2199 2144 2141
f 2141 2198 2199
f 2200 2199 2198
f 2198 2197 2200
f 2199 2200 2201
f 2201 2202 2199
f 2144 2199 2202
f 2202 2145 2144
f 2203 2204 1182
f 1182 1180 2203
f 2148 2203 1180
f 1180 1106 2148
f 2203 2148 2150
f 2150 2205 2203
f 2204 2203 2205
f 2205 2206 2204
f 2207 2208 2206
f 2206 2205 2207
f 2152 2207 2205
f 2205 2150 2152
f 2207 2152 2145
f 2145 2202 2207
f 2208 2207 2202
f 2202 2201 2208
f 2209 2154 1107
f 1107 1184 2209
f 2210 2209 1184
f 1184 1183 2210
f 2209 2210 2211
f 2211 2212 2209
f 2154 2209 2212
f 2212 2155 2154
f 2213 2158 2155
f 2155 2212 2213
f 2214 2213 2212
f 2212 2211 2214
f 2213 2214 2215
f 2215 2216 2213
f 2158 2213 2216
f 2216 2159 2158
f 2217 2218 1188
f 1188 1186 2217
f 2162 2217 1186
f 1186 1112 2162
f 2217 2162 2164
f 2164 2219 2217
f 2218 2217 2219
f 2219 2220 2218
f 2221 2222 2220
f 2220 2219 2221
f 2166 2221 2219
f 2219 2164 2166
f 2221 2166 2159
f 2159 2216 2221
f 2222 2221 2216
f 2216 2215 2222
f 2223 2168 1113
f 1113 1190 2223
f 2224 2223 1190
f 1190 1189 2224
f 2223 2224 2225
f 2225 2226 2223
f 2168 2223 2226
f 2226 2169 2168
f 2227 2172 2169
f 2169 2226 2227
f 2228 2227 2226
f 2226 2225 2228
f 2227 2228 2180
f 2180 2179 2227
f 2172 2227 2179
f 2179 2124 2172
f 2229 2230 1194
f 1194 1192 2229
f 2174 2229 1192
f 1192 1118 2174
f 2229 2174 2176
f 2176 2231 2229
f 2230 2229 2231
f 2231 2232 2230
f 2233 2234 2232
f 2232 2231 2233
f 2178 2233 2231
f 2231 2176 2178
f 2233 2178 2180
f 2180 2235 2233
f 2234 2233 2235
f 2235 2236 2234
f 2237 2182 1119
f 1119 1196 2237
f 2238 2237 1196
f 1196 1195 2238
f 2237 2238 2239
f 2239 2240 2237
f 2182 2237 2240
f 2240 2183 2182
f 2241 2186 2183
f 2183 2240 2241
f 2242 2241 2240
f 2240 2239 2242
f 2241 2242 2243
f 2243 2244 2241
f 2186 2241 2244
f 2244 2187 2186
f 2245 2246 1200
f 1200 1198 2245
f 2190 2245 1198
f 1198 1124 2190
f 2245 2190 2192
f 2192 2247 2245
f 2246 2245 2247
f 2247 2248 2246
f 2249 2250 2248
f 2248 2247 2249
f 2194 2249 2247
f 2247 2192 2194
f 2249 2194 2187
f 2187 2244 2249
f 2250 2249 2244
f 2244 2243 2250
f 2251 2196 1177
f 1177 1254 2251
f 2252 2251 1254
f 1254 1253 2252
f 2251 2252 2253
f 2253 2254 2251
f 2196 2251 2254
f 2254 2197 2196
f 2255 2200 2197
f 2197 2254 2255
f 2256 2255 2254
f 2254 2253 2256
f 2255 2256 2257
f 2257 2258 2255
f 2200 2255 2258
f 2258 2201 2200
f 2259 2260 1258
f 1258 1256 2259
f 2204 2259 1256
f 1256 1182 2204
f 2259 2204 2206
f 2206 2261 2259
f 2260 2259 2261
f 2261 2262 2260
f 2263 2264 2262
f 2262 2261 2263
f 2208 2263 2261
f 2261 2206 2208
f 2263 2208 2201
f 2201 2258 2263
f 2264 2263 2258
f 2258 2257 2264
f 2265 2210 1183
f 1183 1260 2265
f 2266 2265 1260
f 1260 1259 2266
f 2265 2266 2267
f 2267 2268 2265
f 2210 2265 2268
f 2268 2211 2210
f 2269 2214 2211
f 2211 2268 2269
f 2270 2269 2268
f 2268 2267 2270
f 2269 2270 2271
f 2271 2272 2269
f 2214 2269 2272
f 2272 2215 2214
f 2273 2274 1264
f 1264 1262 2273
f 2218 2273 1262
f 1262 1188 2218
f 2273 2218 2220
f 2220 2275 2273
f 2274 2273 2275
f 2275 2276 2274
f 2277 2278 2276
f 2276 2275 2277
f 2222 2277 2275
f 2275 2220 2222
f 2277 2222 2215
f 2215 2272 2277
f 2278 2277 2272
f 2272 2271 2278
f 2279 2224 1189
f 1189 1266 2279
f 2280 2279 1266
f 1266 1265 2280
f 2279 2280 2281
f 2281 2282 2279
f 2224 2279 2282
f 2282 2225 2224
f 2283 2228 2225
f 2225 2282 2283
f 2284 2283 2282
f 2282 2281 2284
f 2283 2284 2236
f 2236 2235 2283
f 2228 2283 2235
f 2235 2180 2228
f 2285 1394 27
f 27 1270 2285
f 2286 2285 1270
f 1270 1269 2286
f 2285 2286 2287
f 2287 2288 2285
f 1394 2285 2288
f 2288 1395 1394
f 2289 1400 1395
f 1395 2288 2289
f 2290 2289 2288
f 2288 2287 2290
f 2289 2290 1342
f 1342 1341 2289
f 1400 2289 1341
f 1341 1340 1400
f 2291 2292 1324
f 1324 1323 2291
f 1402 2291 1323
f 1323 111 1402
f 2291 1402 1406
f 1406 2293 2291
f 2292 2291 2293
f 2293 2294 2292
f 2295 2296 2294
f 2294 2293 2295
f 1408 2295 2293
f 2293 1406 1408
f 2295 1408 1412
f 1412 2297 2295
f 2296 2295 2297
f 2297 2298 2296
f 2299 1415 114
f 114 1328 2299
f 2300 2299 1328
f 1328 1327 2300
f 2299 2300 2301
f 2301 2302 2299
f 1415 2299 2302
f 2302 1416 1415
f 2303 1421 1416
f 1416 2302 2303
f 2304 2303 2302
f 2302 2301 2304
f 2303 2304 2298
f 2298 2297 2303
f 1421 2303 2297
f 2297 1412 1421
f 2305 2306 1330
f 1330 1329 2305
f 1423 2305 1329
f 1329 120 1423
f 2305 1423 1427
f 1427 2307 2305
f 2306 2305 2307
f 2307 2308 2306
f 2309 2310 2308
f 2308 2307 2309
f 1429 2309 2307
f 2307 1427 1429
f 2309 1429 1375
f 1375 1374 2309
f 2310 2309 1374
f 1374 1373 2310
f 2311 2312 9
f 9 8 2311
f 2313 2311 8
f 8 7 2313
f 2311 2313 2314
f 2314 2315 2311
f 2312 2311 2315
f 2315 2316 2312
f 2317 2318 2316
f 2316 2315 2317
f 2319 2317 2315
f 2315 2314 2319
f 2317 2319 2320
f 2320 2321 2317
f 2318 2317 2321
f 2321 2322 2318
f 2323 2324 18
f 18 17 2323
f 2325 2323 17
f 17 16 2325
f 2323 2325 2326
f 2326 2327 2323
f 2324 2323 2327
f 2327 2328 2324
f 2329 2330 2328
f 2328 2327 2329
f 2331 2329 2327
f 2327 2326 2331
f 2329 2331 2332
f 2332 2333 2329
f 2330 2329 2333
f 2333 2334 2330
f 2335 2336 1195
f 1195 1193 2335
f 2337 2335 1193
f 1193 1194 2337
f 2335 2337 2338
f 2338 2339 2335
f 2336 2335 2339
f 2339 2340 2336
f 2341 2342 2340
f 2340 2339 2341
f 2343 2341 2339
f 2339 2338 2343
f 2341 2343 2344
f 2344 2345 2341
f 2342 2341 2345
f 2345 2346 2342
f 2347 2348 1201
f 1201 1199 2347
f 2349 2347 1199
f 1199 1200 2349
f 2347 2349 2350
f 2350 2351 2347
f 2348 2347 2351
f 2351 2352 2348
f 2353 2354 2352
f 2352 2351 2353
f 2355 2353 2351
f 2351 2350 2355
f 2353 2355 2356
f 2356 2357 2353
f 2354 2353 2357
f 2357 2358 2354
f 2359 2360 1205
f 1205 1204 2359
f 2348 2359 1204
f 1204 1201 2348
f 2359 2348 2352
f 2352 2361 2359
f 2360 2359 2361
f 2361 2362 2360
f 2363 2364 2362
f 2362 2361 2363
f 2354 2363 2361
f 2361 2352 2354
f 2363 2354 2358
f 2358 2365 2363
f 2364 2363 2365
f 2365 2366 2364
f 2367 2368 1209
f 1209 1208 2367
f 2360 2367 1208
f 1208 1205 2360
f 2367 2360 2362
f 2362 2369 2367
f 2368 2367 2369
f 2369 2370 2368
f 2371 2372 2370
f 2370 2369 2371
f 2364 2371 2369
f 2369 2362 2364
f 2371 2364 2366
f 2366 2373 2371
f 2372 2371 2373
f 2373 2374 2372
f 2375 2376 1213
f 1213 1212 2375
f 2368 2375 1212
f 1212 1209 2368
f 2375 2368 2370
f 2370 2377 2375
f 2376 2375 2377
f 2377 2378 2376
f 2379 2380 2378
f 2378 2377 2379
f 2372 2379 2377
f 2377 2370 2372
f 2379 2372 2374
f 2374 2381 2379
f 2380 2379 2381
f 2381 2382 2380
f 2383 2384 1217
f 1217 1216 2383
f 2376 2383 1216
f 1216 1213 2376
f 2383 2376 2378
f 2378 2385 2383
f 2384 2383 2385
f 2385 2386 2384
f 2387 2388 2386
f 2386 2385 2387
f 2380 2387 2385
f 2385 2378 2380
f 2387 2380 2382
f 2382 2389 2387
f 2388 2387 2389
f 2389 2390 2388
f 2391 2392 1221
f 1221 1220 2391
f 2384 2391 1220
f 1220 1217 2384
f 2391 2384 2386
f 2386 2393 2391
f 2392 2391 2393
f 2393 2394 2392
f 2395 2396 2394
f 2394 2393 2395
f 2388 2395 2393
f 2393 2386 2388
f 2395 2388 2390
f 2390 2397 2395
f 2396 2395 2397
f 2397 2398 2396
f 2399 2400 1225
f 1225 1224 2399
f 2392 2399 1224
f 1224 1221 2392
f 2399 2392 2394
f 2394 2401 2399
f 2400 2399 2401
f 2401 2402 2400
f 2403 2404 2402
f 2402 2401 2403
f 2396 2403 2401
f 2401 2394 2396
f 2403 2396 2398
f 2398 2405 2403
f 2404 2403 2405
f 2405 2406 2404
f 2407 2408 1229
f 1229 1228 2407
f 2400 2407 1228
f 1228 1225 2400
f 2407 2400 2402
f 2402 2409 2407
f 2408 2407 2409
f 2409 2410 2408
f 2411 2412 2410
f 2410 2409 2411
f 2404 2411 2409
f 2409 2402 2404
f 2411 2404 2406
f 2406 2413 2411
f 2412 2411 2413
f 2413 2414 2412
f 2415 2416 1233
f 1233 1232 2415
f 2408 2415 1232
f 1232 1229 2408
f 2415 2408 2410
f 2410 2417 2415
f 2416 2415 2417
f 2417 2418 2416
f 2419 2420 2418
f 2418 2417 2419
f 2412 2419 2417
f 2417 2410 2412
f 2419 2412 2414
f 2414 2421 2419
f 2420 2419 2421
f 2421 2422 2420
f 2423 2424 1237
f 1237 1236 2423
f 2416 2423 1236
f 1236 1233 2416
f 2423 2416 2418
f 2418 2425 2423
f 2424 2423 2425
f 2425 2426 2424
f 2427 2428 2426
f 2426 2425 2427
f 2420 2427 2425
f 2425 2418 2420
f 2427 2420 2422
f 2422 2429 2427
f 2428 2427 2429
f 2429 2430 2428
f 2431 2432 1241
f 1241 1240 2431
f 2424 2431 1240
f 1240 1237 2424
f 2431 2424 2426
f 2426 2433 2431
f 2432 2431 2433
f 2433 2434 2432
f 2435 2436 2434
f 2434 2433 2435
f 2428 2435 2433
f 2433 2426 2428
f 2435 2428 2430
f 2430 2437 2435
f 2436 2435 2437
f 2437 2438 2436
f 2439 2440 1245
f 1245 1244 2439
f 2432 2439 1244
f 1244 1241 2432
f 2439 2432 2434
f 2434 2441 2439
f 2440 2439 2441
f 2441 2442 2440
f 2443 2444 2442
f 2442 2441 2443
f 2436 2443 2441
f 2441 2434 2436
f 2443 2436 2438
f 2438 2445 2443
f 2444 2443 2445
f 2445 2446 2444
f 2447 2448 1249
f 1249 1248 2447
f 2440 2447 1248
f 1248 1245 2440
f 2447 2440 2442
f 2442 2449 2447
f 2448 2447 2449
f 2449 2450 2448
f 2451 2452 2450
f 2450 2449 2451
f 2444 2451 2449
f 2449 2442 2444
f 2451 2444 2446
f 2446 2453 2451
f 2452 2451 2453
f 2453 2454 2452
f 2455 2456 1253
f 1253 1252 2455
f 2448 2455 1252
f 1252 1249 2448
f 2455 2448 2450
f 2450 2457 2455
f 2456 2455 2457
f 2457 2458 2456
f 2459 2460 2458
f 2458 2457 2459
f 2452 2459 2457
f 2457 2450 2452
f 2459 2452 2454
f 2454 2461 2459
f 2460 2459 2461
f 2461 2462 2460
f 2463 2464 1259
f 1259 1257 2463
f 2465 2463 1257
f 1257 1258 2465
f 2463 2465 2466
f 2466 2467 2463
f 2464 2463 2467
f 2467 2468 2464
f 2469 2470 2468
f 2468 2467 2469
f 2471 2469 2467
f 2467 2466 2471
f 2469 2471 2472
f 2472 2473 2469
f 2470 2469 2473
f 2473 2474 2470
f 2475 2476 1265
f 1265 1263 2475
f 2477 2475 1263
f 1263 1264 2477
f 2475 2477 2478
f 2478 2479 2475
f 2476 2475 2479
f 2479 2480 2476
f 2481 2482 2480
f 2480 2479 2481
f 2483 2481 2479
f 2479 2478 2483
f 2481 2483 2484
f 2484 2485 2481
f 2482 2481 2485
f 2485 2486 2482
f 2487 2488 1269
f 1269 1268 2487
f 2489 2487 1268
f 1268 1272 2489
f 2487 2489 2490
f 2490 2491 2487
f 2488 2487 2491
f 2491 2492 2488
f 2493 2494 2492
f 2492 2491 2493
f 2495 2493 2491
f 2491 2490 2495
f 2493 2495 2496
f 2496 2497 2493
f 2494 2493 2497
f 2497 2498 2494
f 2499 2489 1272
f 1272 1274 2499
f 2500 2499 1274
f 1274 1276 2500
f 2499 2500 2501
f 2501 2502 2499
f 2489 2499 2502
f 2502 2490 2489
f 2503 2495 2490
f 2490 2502 2503
f 2504 2503 2502
f 2502 2501 2504
f 2503 2504 2505
f 2505 2506 2503
f 2495 2503 2506
f 2506 2496 2495
f 2507 2500 1276
f 1276 1278 2507
f 2508 2507 1278
f 1278 1280 2508
f 2507 2508 2509
f 2509 2510 2507
f 2500 2507 2510
f 2510 2501 2500
f 2511 2504 2501
f 2501 2510 2511
f 2512 2511 2510
f 2510 2509 2512
f 2511 2512 2513
f 2513 2514 2511
f 2504 2511 2514
f 2514 2505 2504
f 2515 2508 1280
f 1280 1282 2515
f 2516 2515 1282
f 1282 1284 2516
f 2515 2516 2517
f 2517 2518 2515
f 2508 2515 2518
f 2518 2509 2508
f 2519 2512 2509
f 2509 2518 2519
f 2520 2519 2518
f 2518 2517 2520
f 2519 2520 2521
f 2521 2522 2519
f 2512 2519 2522
f 2522 2513 2512
f 2523 2516 1284
f 1284 1286 2523
f 2524 2523 1286
f 1286 1288 2524
f 2523 2524 2525
f 2525 2526 2523
f 2516 2523 2526
f 2526 2517 2516
f 2527 2520 2517
f 2517 2526 2527
f 2528 2527 2526
f 2526 2525 2528
f 2527 2528 2529
f 2529 2530 2527
f 2520 2527 2530
f 2530 2521 2520
f 2531 2524 1288
f 1288 1290 2531
f 2532 2531 1290
f 1290 1292 2532
f 2531 2532 2533
f 2533 2534 2531
f 2524 2531 2534
f 2534 2525 2524
f 2535 2528 2525
f 2525 2534 2535
f 2536 2535 2534
f 2534 2533 2536
f 2535 2536 2537
f 2537 2538 2535
f 2528 2535 2538
f 2538 2529 2528
f 2539 2532 1292
f 1292 1294 2539
f 2540 2539 1294
f 1294 1296 2540
f 2539 2540 2541
f 2541 2542 2539
f 2532 2539 2542
f 2542 2533 2532
f 2543 2536 2533
f 2533 2542 2543
f 2544 2543 2542
f 2542 2541 2544
f 2543 2544 2545
f 2545 2546 2543
f 2536 2543 2546
f 2546 2537 2536
f 2547 2540 1296
f 1296 1298 2547
f 2548 2547 1298
f 1298 1300 2548
f 2547 2548 2549
f 2549 2550 2547
f 2540 2547 2550
f 2550 2541 2540
f 2551 2544 2541
f 2541 2550 2551
f 2552 2551 2550
f 2550 2549 2552
f 2551 2552 2553
f 2553 2554 2551
f 2544 2551 2554
f 2554 2545 2544
f 2555 2548 1300
f 1300 1302 2555
f 2556 2555 1302
f 1302 1304 2556
f 2555 2556 2557
f 2557 2558 2555
f 2548 2555 2558
f 2558 2549 2548
f 2559 2552 2549
f 2549 2558 2559
f 2560 2559 2558
f 2558 2557 2560
f 2559 2560 2561
f 2561 2562 2559
f 2552 2559 2562
f 2562 2553 2552
f 2563 2556 1304
f 1304 1306 2563
f 2564 2563 1306
f 1306 1308 2564
f 2563 2564 2565
f 2565 2566 2563
f 2556 2563 2566
f 2566 2557 2556
f 2567 2560 2557
f 2557 2566 2567
f 2568 2567 2566
f 2566 2565 2568
f 2567 2568 2569
f 2569 2570 2567
f 2560 2567 2570
f 2570 2561 2560
f 2571 2564 1308
f 1308 1310 2571
f 2572 2571 1310
f 1310 1312 2572
f 2571 2572 2573
f 2573 2574 2571
f 2564 2571 2574
f 2574 2565 2564
f 2575 2568 2565
f 2565 2574 2575
f 2576 2575 2574
f 2574 2573 2576
f 2575 2576 2577
f 2577 2578 2575
f 2568 2575 2578
f 2578 2569 2568
f 2579 2572 1312
f 1312 1314 2579
f 2580 2579 1314
f 1314 1316 2580
f 2579 2580 2581
f 2581 2582 2579
f 2572 2579 2582
f 2582 2573 2572
f 2583 2576 2573
f 2573 2582 2583
f 2584 2583 2582
f 2582 2581 2584
f 2583 2584 2585
f 2585 2586 2583
f 2576 2583 2586
f 2586 2577 2576
f 2587 2580 1316
f 1316 1318 2587
f 2588 2587 1318
f 1318 1320 2588
f 2587 2588 2589
f 2589 2590 2587
f 2580 2587 2590
f 2590 2581 2580
f 2591 2584 2581
f 2581 2590 2591
f 2592 2591 2590
f 2590 2589 2592
f 2591 2592 2593
f 2593 2594 2591
f 2584 2591 2594
f 2594 2585 2584
f 2595 2588 1320
f 1320 1322 2595
f 2596 2595 1322
f 1322 1324 2596
f 2595 2596 2597
f 2597 2598 2595
f 2588 2595 2598
f 2598 2589 2588
f 2599 2592 2589
f 2589 2598 2599
f 2600 2599 2598
f 2598 2597 2600
f 2599 2600 2601
f 2601 2602 2599
f 2592 2599 2602
f 2602 2593 2592
f 2603 2604 1327
f 1327 1326 2603
f 2605 2603 1326
f 1326 1330 2605
f 2603 2605 2606
f 2606 2607 2603
f 2604 2603 2607
f 2607 2608 2604
f 2609 2610 2608
f 2608 2607 2609
f 2611 2609 2607
f 2607 2606 2611
f 2609 2611 2612
f 2612 2613 2609
f 2610 2609 2613
f 2613 2614 2610
f 2615 2313 7
f 7 1332 2615
f 2616 2615 1332
f 1332 1336 2616
f 2615 2616 2617
f 2617 2618 2615
f 2313 2615 2618
f 2618 2314 2313
f 2619 2319 2314
f 2314 2618 2619
f 2620 2619 2618
f 2618 2617 2620
f 2619 2620 2621
f 2621 2622 2619
f 2319 2619 2622
f 2622 2320 2319
f 2623 2616 1336
f 1336 1338 2623
f 2624 2623 1338
f 1338 1342 2624
f 2623 2624 2625
f 2625 2626 2623
f 2616 2623 2626
f 2626 2617 2616
f 2627 2620 2617
f 2617 2626 2627
f 2628 2627 2626
f 2626 2625 2628
f 2627 2628 2629
f 2629 2630 2627
f 2620 2627 2630
f 2630 2621 2620
f 2631 2632 1346
f 1346 1345 2631
f 2312 2631 1345
f 1345 9 2312
f 2631 2312 2316
f 2316 2633 2631
f 2632 2631 2633
f 2633 2634 2632
f 2635 2636 2634
f 2634 2633 2635
f 2318 2635 2633
f 2633 2316 2318
f 2635 2318 2322
f 2322 2637 2635
f 2636 2635 2637
f 2637 2638 2636
f 2639 2640 1352
f 1352 1351 2639
f 2632 2639 1351
f 1351 1346 2632
f 2639 2632 2634
f 2634 2641 2639
f 2640 2639 2641
f 2641 2642 2640
f 2643 2644 2642
f 2642 2641 2643
f 2636 2643 2641
f 2641 2634 2636
f 2643 2636 2638
f 2638 2645 2643
f 2644 2643 2645
f 2645 2646 2644
f 2647 2325 16
f 16 1356 2647
f 2648 2647 1356
f 1356 1360 2648
f 2647 2648 2649
f 2649 2650 2647
f 2325 2647 2650
f 2650 2326 2325
f 2651 2331 2326
f 2326 2650 2651
f 2652 2651 2650
f 2650 2649 2652
f 2651 2652 2653
f 2653 2654 2651
f 2331 2651 2654
f 2654 2332 2331
f 2655 2648 1360
f 1360 1362 2655
f 2640 2655 1362
f 1362 1352 2640
f 2655 2640 2642
f 2642 2656 2655
f 2648 2655 2656
f 2656 2649 2648
f 2657 2652 2649
f 2649 2656 2657
f 2644 2657 2656
f 2656 2642 2644
f 2657 2644 2646
f 2646 2658 2657
f 2652 2657 2658
f 2658 2653 2652
f 2659 2660 1367
f 1367 1366 2659
f 2324 2659 1366
f 1366 18 2324
f 2659 2324 2328
f 2328 2661 2659
f 2660 2659 2661
f 2661 2662 2660
f 2663 2664 2662
f 2662 2661 2663
f 2330 2663 2661
f 2661 2328 2330
f 2663 2330 2334
f 2334 2665 2663
f 2664 2663 2665
f 2665 2666 2664
f 2667 2668 1373
f 1373 1372 2667
f 2660 2667 1372
f 1372 1367 2660
f 2667 2660 2662
f 2662 2669 2667
f 2668 2667 2669
f 2669 2670 2668
f 2671 2672 2670
f 2670 2669 2671
f 2664 2671 2669
f 2669 2662 2664
f 2671 2664 2666
f 2666 2673 2671
f 2672 2671 2673
f 2673 2674 2672
f 2675 2337 1194
f 1194 2230 2675
f 2676 2675 2230
f 2230 2232 2676
f 2675 2676 2677
f 2677 2678 2675
f 2337 2675 2678
f 2678 2338 2337
f 2679 2343 2338
f 2338 2678 2679
f 2680 2679 2678
f 2678 2677 2680
f 2679 2680 2681
f 2681 2682 2679
f 2343 2679 2682
f 2682 2344 2343
f 2683 2676 2232
f 2232 2234 2683
f 2684 2683 2234
f 2234 2236 2684
f 2683 2684 2685
f 2685 2686 2683
f 2676 2683 2686
f 2686 2677 2676
f 2687 2680 2677
f 2677 2686 2687
f 2688 2687 2686
f 2686 2685 2688
f 2687 2688 2689
f 2689 2690 2687
f 2680 2687 2690
f 2690 2681 2680
f 2691 2692 2239
f 2239 2238 2691
f 2336 2691 2238
f 2238 1195 2336
f 2691 2336 2340
f 2340 2693 2691
f 2692 2691 2693
f 2693 2694 2692
f 2695 2696 2694
f 2694 2693 2695
f 2342 2695 2693
f 2693 2340 2342
f 2695 2342 2346
f 2346 2697 2695
f 2696 2695 2697
f 2697 2698 2696
f 2699 2700 2243
f 2243 2242 2699
f 2692 2699 2242
f 2242 2239 2692
f 2699 2692 2694
f 2694 2701 2699
f 2700 2699 2701
f 2701 2702 2700
f 2703 2704 2702
f 2702 2701 2703
f 2696 2703 2701
f 2701 2694 2696
f 2703 2696 2698
f 2698 2705 2703
f 2704 2703 2705
f 2705 2706 2704
f 2707 2349 1200
f 1200 2246 2707
f 2708 2707 2246
f 2246 2248 2708
f 2707 2708 2709
f 2709 2710 2707
f 2349 2707 2710
f 2710 2350 2349
f 2711 2355 2350
f 2350 2710 2711
f 2712 2711 2710
f 2710 2709 2712
f 2711 2712 2713
f 2713 2714 2711
f 2355 2711 2714
f 2714 2356 2355
f 2715 2708 2248
f 2248 2250 2715
f 2700 2715 2250
f 2250 2243 2700
f 2715 2700 2702
f 2702 2716 2715
f 2708 2715 2716
f 2716 2709 2708
f 2717 2712 2709
f 2709 2716 2717
f 2704 2717 2716
f 2716 2702 2704
f 2717 2704 2706
f 2706 2718 2717
f 2712 2717 2718
f 2718 2713 2712
f 2719 2720 2253
f 2253 2252 2719
f 2456 2719 2252
f 2252 1253 2456
f 2719 2456 2458
f 2458 2721 2719
f 2720 2719 2721
f 2721 2722 2720
f 2723 2724 2722
f 2722 2721 2723
f 2460 2723 2721
f 2721 2458 2460
f 2723 2460 2462
f 2462 2725 2723
f 2724 2723 2725
f 2725 2726 2724
f 2727 2728 2257
f 2257 2256 2727
f 2720 2727 2256
f 2256 2253 2720
f 2727 2720 2722
f 2722 2729 2727
f 2728 2727 2729
f 2729 2730 2728
f 2731 2732 2730
f 2730 2729 2731
f 2724 2731 2729
f 2729 2722 2724
f 2731 2724 2726
f 2726 2733 2731
f 2732 2731 2733
f 2733 2734 2732
f 2735 2465 1258
f 1258 2260 2735
f 2736 2735 2260
f 2260 2262 2736
f 2735 2736 2737
f 2737 2738 2735
f 2465 2735 2738
f 2738 2466 2465
f 2739 2471 2466
f 2466 2738 2739
f 2740 2739 2738
f 2738 2737 2740
f 2739 2740 2741
f 2741 2742 2739
f 2471 2739 2742
f 2742 2472 2471
f 2743 2736 2262
f 2262 2264 2743
f 2728 2743 2264
f 2264 2257 2728
f 2743 2728 2730
f 2730 2744 2743
f 2736 2743 2744
f 2744 2737 2736
f 2745 2740 2737
f 2737 2744 2745
f 2732 2745 2744
f 2744 2730 2732
f 2745 2732 2734
f 2734 2746 2745
f 2740 2745 2746
f 2746 2741 2740
f 2747 2748 2267
f 2267 2266 2747
f 2464 2747 2266
f 2266 1259 2464
f 2747 2464 2468
f 2468 2749 2747
f 2748 2747 2749
f 2749 2750 2748
f 2751 2752 2750
f 2750 2749 2751
f 2470 2751 2749
f 2749 2468 2470
f 2751 2470 2474
f 2474 2753 2751
f 2752 2751 2753
f 2753 2754 2752
f 2755 2756 2271
f 2271 2270 2755
f 2748 2755 2270
f 2270 2267 2748
f 2755 2748 2750
f 2750 2757 2755
f 2756 2755 2757
f 2757 2758 2756
f 2759 2760 2758
f 2758 2757 2759
f 2752 2759 2757
f 2757 2750 2752
f 2759 2752 2754
f 2754 2761 2759
f 2760 2759 2761
f 2761 2762 2760
f 2763 2477 1264
f 1264 2274 2763
f 2764 2763 2274
f 2274 2276 2764
f 2763 2764 2765
f 2765 2766 2763
f 2477 2763 2766
f 2766 2478 2477
f 2767 2483 2478
f 2478 2766 2767
f 2768 2767 2766
f 2766 2765 2768
f 2767 2768 2769
f 2769 2770 2767
f 2483 2767 2770
f 2770 2484 2483
f 2771 2764 2276
f 2276 2278 2771
f 2756 2771 2278
f 2278 2271 2756
f 2771 2756 2758
f 2758 2772 2771
f 2764 2771 2772
f 2772 2765 2764
f 2773 2768 2765
f 2765 2772 2773
f 2760 2773 2772
f 2772 2758 2760
f 2773 2760 2762
f 2762 2774 2773
f 2768 2773 2774
f 2774 2769 2768
f 2775 2776 2281
f 2281 2280 2775
f 2476 2775 2280
f 2280 1265 2476
f 2775 2476 2480
f 2480 2777 2775
f 2776 2775 2777
f 2777 2778 2776
f 2779 2780 2778
f 2778 2777 2779
f 2482 2779 2777
f 2777 2480 2482
f 2779 2482 2486
f 2486 2781 2779
f 2780 2779 2781
f 2781 2782 2780
f 2783 2684 2236
f 2236 2284 2783
f 2776 2783 2284
f 2284 2281 2776
f 2783 2776 2778
f 2778 2784 2783
f 2684 2783 2784
f 2784 2685 2684
f 2785 2688 2685
f 2685 2784 2785
f 2780 2785 2784
f 2784 2778 2780
f 2785 2780 2782
f 2782 2786 2785
f 2688 2785 2786
f 2786 2689 2688
f 2787 2788 2287
f 2287 2286 2787
f 2488 2787 2286
f 2286 1269 2488
f 2787 2488 2492
f 2492 2789 2787
f 2788 2787 2789
f 2789 2790 2788
f 2791 2792 2790
f 2790 2789 2791
f 2494 2791 2789
f 2789 2492 2494
f 2791 2494 2498
f 2498 2793 2791
f 2792 2791 2793
f 2793 2794 2792
f 2795 2624 1342
f 1342 2290 2795
f 2788 2795 2290
f 2290 2287 2788
f 2795 2788 2790
f 2790 2796 2795
f 2624 2795 2796
f 2796 2625 2624
f 2797 2628 2625
f 2625 2796 2797
f 2792 2797 2796
f 2796 2790 2792
f 2797 2792 2794
f 2794 2798 2797
f 2628 2797 2798
f 2798 2629 2628
f 2799 2596 1324
f 1324 2292 2799
f 2800 2799 2292
f 2292 2294 2800
f 2799 2800 2801
f 2801 2802 2799
f 2596 2799 2802
f 2802 2597 2596
f 2803 2600 2597
f 2597 2802 2803
f 2804 2803 2802
f 2802 2801 2804
f 2803 2804 2805
f 2805 2806 2803
f 2600 2803 2806
f 2806 2601 2600
f 2807 2800 2294
f 2294 2296 2807
f 2808 2807 2296
f 2296 2298 2808
f 2807 2808 2809
f 2809 2810 2807
f 2800 2807 2810
f 2810 2801 2800
f 2811 2804 2801
f 2801 2810 2811
f 2812 2811 2810
f 2810 2809 2812
f 2811 2812 2813
f 2813 2814 2811
f 2804 2811 2814
f 2814 2805 2804
f 2815 2816 2301
f 2301 2300 2815
f 2604 2815 2300
f 2300 1327 2604
f 2815 2604 2608
f 2608 2817 2815
f 2816 2815 2817
f 2817 2818 2816
f 2819 2820 2818
f 2818 2817 2819
f 2610 2819 2817
f 2817 2608 2610
f 2819 2610 2614
f 2614 2821 2819
f 2820 2819 2821
f 2821 2822 2820
f 2823 2808 2298
f 2298 2304 2823
f 2816 2823 2304
f 2304 2301 2816
f 2823 2816 2818
f 2818 2824 2823
f 2808 2823 2824
f 2824 2809 2808
f 2825 2812 2809
f 2809 2824 2825
f 2820 2825 2824
f 2824 2818 2820
f 2825 2820 2822
f 2822 2826 2825
f 2812 2825 2826
f 2826 2813 2812
f 2827 2605 1330
f 1330 2306 2827
f 2828 2827 2306
f 2306 2308 2828
f 2827 2828 2829
f 2829 2830 2827
f 2605 2827 2830
f 2830 2606 2605
f 2831 2611 2606
f 2606 2830 2831
f 2832 2831 2830
f 2830 2829 2832
f 2831 2832 2833
f 2833 2834 2831
f 2611 2831 2834
f 2834 2612 2611
f 2835 2828 2308
f 2308 2310 2835
f 2668 2835 2310
f 2310 1373 2668
f 2835 2668 2670
f 2670 2836 2835
f 2828 2835 2836
f 2836 2829 2828
f 2837 2832 2829
f 2829 2836 2837
f 2672 2837 2836
f 2836 2670 2672
f 2837 2672 2674
f 2674 2838 2837
f 2832 2837 2838
f 2838 2833 2832
f 2839 2840 2841
f 2841 2842 2839
f 2843 2839 2842
f 2842 2844 2843
f 2845 2846 2844
f 2844 2842 2845
f 2847 2845 2842
f 2842 2841 2847
f 2845 2847 2320
f 2320 2622 2845
f 2846 2845 2622
f 2622 2621 2846
f 2848 2843 2844
f 2844 2849 2848
f 2850 2848 2849
f 2849 2851 2850
f 2852 2853 2851
f 2851 2849 2852
f 2846 2852 2849
f 2849 2844 2846
f 2852 2846 2621
f 2621 2630 2852
f 2853 2852 2630
f 2630 2629 2853
f 2854 2850 2851
f 2851 2855 2854
f 2856 2854 2855
f 2855 2857 2856
f 2858 2859 2857
f 2857 2855 2858
f 2853 2858 2855
f 2855 2851 2853
f 2858 2853 2629
f 2629 2798 2858
f 2859 2858 2798
f 2798 2794 2859
f 2860 2856 2857
f 2857 2861 2860
f 2862 2860 2861
f 2861 2863 2862
f 2864 2865 2863
f 2863 2861 2864
f 2859 2864 2861
f 2861 2857 2859
f 2864 2859 2794
f 2794 2793 2864
f 2865 2864 2793
f 2793 2498 2865
f 2866 2862 2863
f 2863 2867 2866
f 2868 2866 2867
f 2867 2869 2868
f 2870 2871 2869
f 2869 2867 2870
f 2865 2870 2867
f 2867 2863 2865
f 2870 2865 2498
f 2498 2497 2870
f 2871 2870 2497
f 2497 2496 2871
f 2872 2868 2869
f 2869 2873 2872
f 2874 2872 2873
f 2873 2875 2874
f 2876 2877 2875
f 2875 2873 2876
f 2871 2876 2873
f 2873 2869 2871
f 2876 2871 2496
f 2496 2506 2876
f 2877 2876 2506
f 2506 2505 2877
f 2878 2874 2875
f 2875 2879 2878
f 2880 2878 2879
f 2879 2881 2880
f 2882 2883 2881
f 2881 2879 2882
f 2877 2882 2879
f 2879 2875 2877
f 2882 2877 2505
f 2505 2514 2882
f 2883 2882 2514
f 2514 2513 2883
f 2884 2880 2881
f 2881 2885 2884
f 2886 2884 2885
f 2885 2887 2886
f 2888 2889 2887
f 2887 2885 2888
f 2883 2888 2885
f 2885 2881 2883
f 2888 2883 2513
f 2513 2522 2888
f 2889 2888 2522
f 2522 2521 2889
f 2890 2886 2887
f 2887 2891 2890
f 2892 2890 2891
f 2891 2893 2892
f 2894 2895 2893
f 2893 2891 2894
f 2889 2894 2891
f 2891 2887 2889
f 2894 2889 2521
f 2521 2530 2894
f 2895 2894 2530
f 2530 2529 2895
f 2896 2892 2893
f 2893 2897 2896
f 2898 2896 2897
f 2897 2899 2898
f 2900 2901 2899
f 2899 2897 2900
f 2895 2900 2897
f 2897 2893 2895
f 2900 2895 2529
f 2529 2538 2900
f 2901 2900 2538
f 2538 2537 2901
f 2902 2898 2899
f 2899 2903 2902
f 2904 2902 2903
f 2903 2905 2904
f 2906 2907 2905
f 2905 2903 2906
f 2901 2906 2903
f 2903 2899 2901
f 2906 2901 2537
f 2537 2546 2906
f 2907 2906 2546
f 2546 2545 2907
f 2908 2904 2905
f 2905 2909 2908
f 2910 2908 2909
f 2909 2911 2910
f 2912 2913 2911
f 2911 2909 2912
f 2907 2912 2909
f 2909 2905 2907
f 2912 2907 2545
f 2545 2554 2912
f 2913 2912 2554
f 2554 2553 2913
f 2914 2910 2911
f 2911 2915 2914
f 2916 2914 2915
f 2915 2917 2916
f 2918 2919 2917
f 2917 2915 2918
f 2913 2918 2915
f 2915 2911 2913
f 2918 2913 2553
f 2553 2562 2918
f 2919 2918 2562
f 2562 2561 2919
f 2920 2916 2917
f 2917 2921 2920
f 2922 2920 2921
f 2921 2923 2922
f 2924 2925 2923
f 2923 2921 2924
f 2919 2924 2921
f 2921 2917 2919
f 2924 2919 2561
f 2561 2570 2924
f 2925 2924 2570
f 2570 2569 2925
f 2926 2922 2923
f 2923 2927 2926
f 2928 2926 2927
f 2927 2929 2928
f 2930 2931 2929
f 2929 2927 2930
f 2925 2930 2927
f 2927 2923 2925
f 2930 2925 2569
f 2569 2578 2930
f 2931 2930 2578
f 2578 2577 2931
f 2932 2928 2929
f 2929 2933 2932
f 2934 2932 2933
f 2933 2935 2934
f 2936 2937 2935
f 2935 2933 2936
f 2931 2936 2933
f 2933 2929 2931
f 2936 2931 2577
f 2577 2586 2936
f 2937 2936 2586
f 2586 2585 2937
f 2938 2934 2935
f 2935 2939 2938
f 2940 2938 2939
f 2939 2941 2940
f 2942 2943 2941
f 2941 2939 2942
f 2937 2942 2939
f 2939 2935 2937
f 2942 2937 2585
f 2585 2594 2942
f 2943 2942 2594
f 2594 2593 2943
f 2944 2940 2941
f 2941 2945 2944
f 2946 2944 2945
f 2945 2947 2946
f 2948 2949 2947
f 2947 2945 2948
f 2943 2948 2945
f 2945 2941 2943
f 2948 2943 2593
f 2593 2602 2948
f 2949 2948 2602
f 2602 2601 2949
f 2950 2946 2947
f 2947 2951 2950
f 2952 2950 2951
f 2951 2953 2952
f 2954 2955 2953
f 2953 2951 2954
f 2949 2954 2951
f 2951 2947 2949
f 2954 2949 2601
f 2601 2806 2954
f 2955 2954 2806
f 2806 2805 2955
f 2956 2952 2953
f 2953 2957 2956
f 2958 2956 2957
f 2957 2959 2958
f 2960 2961 2959
f 2959 2957 2960
f 2955 2960 2957
f 2957 2953 2955
f 2960 2955 2805
f 2805 2814 2960
f 2961 2960 2814
f 2814 2813 2961
f 2962 2958 2959
f 2959 2963 2962
f 2964 2962 2963
f 2963 2965 2964
f 2966 2967 2965
f 2965 2963 2966
f 2961 2966 2963
f 2963 2959 2961
f 2966 2961 2813
f 2813 2826 2966
f 2967 2966 2826
f 2826 2822 2967
f 2968 2964 2965
f 2965 2969 2968
f 2970 2968 2969
f 2969 2971 2970
f 2972 2973 2971
f 2971 2969 2972
f 2967 2972 2969
f 2969 2965 2967
f 2972 2967 2822
f 2822 2821 2972
f 2973 2972 2821
f 2821 2614 2973
f 2974 2970 2971
f 2971 2975 2974
f 2976 2974 2975
f 2975 2977 2976
f 2978 2979 2977
f 2977 2975 2978
f 2973 2978 2975
f 2975 2971 2973
f 2978 2973 2614
f 2614 2613 2978
f 2979 2978 2613
f 2613 2612 2979
f 2980 2976 2977
f 2977 2981 2980
f 2982 2980 2981
f 2981 2983 2982
f 2984 2985 2983
f 2983 2981 2984
f 2979 2984 2981
f 2981 2977 2979
f 2984 2979 2612
f 2612 2834 2984
f 2985 2984 2834
f 2834 2833 2985
f 2986 2982 2983
f 2983 2987 2986
f 2988 2986 2987
f 2987 2989 2988
f 2990 2991 2989
f 2989 2987 2990
f 2985 2990 2987
f 2987 2983 2985
f 2990 2985 2833
f 2833 2838 2990
f 2991 2990 2838
f 2838 2674 2991
f 2992 2988 2989
f 2989 2993 2992
f 2994 2992 2993
f 2993 2995 2994
f 2996 2997 2995
f 2995 2993 2996
f 2991 2996 2993
f 2993 2989 2991
f 2996 2991 2674
f 2674 2673 2996
f 2997 2996 2673
f 2673 2666 2997
f 2998 2994 2995
f 2995 2999 2998
f 3000 2998 2999
f 2999 3001 3000
f 3002 3003 3001
f 3001 2999 3002
f 2997 3002 2999
f 2999 2995 2997
f 3002 2997 2666
f 2666 2665 3002
f 3003 3002 2665
f 2665 2334 3003
f 3004 3000 3001
f 3001 3005 3004
f 3006 3004 3005
f 3005 3007 3006
f 3008 3009 3007
f 3007 3005 3008
f 3003 3008 3005
f 3005 3001 3003
f 3008 3003 2334
f 2334 2333 3008
f 3009 3008 2333
f 2333 2332 3009
f 3010 3006 3007
f 3007 3011 3010
f 3012 3010 3011
f 3011 3013 3012
f 3014 3015 3013
f 3013 3011 3014
f 3009 3014 3011
f 3011 3007 3009
f 3014 3009 2332
f 2332 2654 3014
f 3015 3014 2654
f 2654 2653 3015
f 3016 3012 3013
f 3013 3017 3016
f 3018 3016 3017
f 3017 3019 3018
f 3020 3021 3019
f 3019 3017 3020
f 3015 3020 3017
f 3017 3013 3015
f 3020 3015 2653
f 2653 2658 3020
f 3021 3020 2658
f 2658 2646 3021
f 3022 3018 3019
f 3019 3023 3022
f 3024 3022 3023
f 3023 3025 3024
f 3026 3027 3025
f 3025 3023 3026
f 3021 3026 3023
f 3023 3019 3021
f 3026 3021 2646
f 2646 2645 3026
f 3027 3026 2645
f 2645 2638 3027
f 3028 3024 3025
f 3025 3029 3028
f 3030 3028 3029
f 3029 3031 3030
f 3032 3033 3031
f 3031 3029 3032
f 3027 3032 3029
f 3029 3025 3027
f 3032 3027 2638
f 2638 2637 3032
f 3033 3032 2637
f 2637 2322 3033
f 3034 3030 3031
f 3031 3035 3034
f 2840 3034 3035
f 3035 2841 2840
f 3036 2847 2841
f 2841 3035 3036
f 3033 3036 3035
f 3035 3031 3033
f 3036 3033 2322
f 2322 2321 3036
f 2847 3036 2321
f 2321 2320 2847
f 3037 3038 3039
f 3039 3040 3037
f 3041 3037 3040
f 3040 3042 3041
f 3043 3044 3042
f 3042 3040 3043
f 3045 3043 3040
f 3040 3039 3045
f 3043 3045 2344
f 2344 2682 3043
f 3044 3043 2682
f 2682 2681 3044
f 3046 3041 3042
f 3042 3047 3046
f 3048 3046 3047
f 3047 3049 3048
f 3050 3051 3049
f 3049 3047 3050
f 3044 3050 3047
f 3047 3042 3044
f 3050 3044 2681
f 2681 2690 3050
f 3051 3050 2690
f 2690 2689 3051
f 3052 3048 3049
f 3049 3053 3052
f 3054 3052 3053
f 3053 3055 3054
f 3056 3057 3055
f 3055 3053 3056
f 3051 3056 3053
f 3053 3049 3051
f 3056 3051 2689
f 2689 2786 3056
f 3057 3056 2786
f 2786 2782 3057
f 3058 3054 3055
f 3055 3059 3058
f 3060 3058 3059
f 3059 3061 3060
f 3062 3063 3061
f 3061 3059 3062
f 3057 3062 3059
f 3059 3055 3057
f 3062 3057 2782
f 2782 2781 3062
f 3063 3062 2781
f 2781 2486 3063
f 3064 3060 3061
f 3061 3065 3064
f 3066 3064 3065
f 3065 3067 3066
f 3068 3069 3067
f 3067 3065 3068
f 3063 3068 3065
f 3065 3061 3063
f 3068 3063 2486
f 2486 2485 3068
f 3069 3068 2485
f 2485 2484 3069
f 3070 3066 3067
f 3067 3071 3070
f 3072 3070 3071
f 3071 3073 3072
f 3074 3075 3073
f 3073 3071 3074
f 3069 3074 3071
f 3071 3067 3069
f 3074 3069 2484
f 2484 2770 3074
f 3075 3074 2770
f 2770 2769 3075
f 3076 3072 3073
f 3073 3077 3076
f 3078 3076 3077
f 3077 3079 3078
f 3080 3081 3079
f 3079 3077 3080
f 3075 3080 3077
f 3077 3073 3075
f 3080 3075 2769
f 2769 2774 3080
f 3081 3080 2774
f 2774 2762 3081
f 3082 3078 3079
f 3079 3083 3082
f 3084 3082 3083
f 3083 3085 3084
f 3086 3087 3085
f 3085 3083 3086
f 3081 3086 3083
f 3083 3079 3081
f 3086 3081 2762
f 2762 2761 3086
f 3087 3086 2761
f 2761 2754 3087
f 3088 3084 3085
f 3085 3089 3088
f 3090 3088 3089
f 3089 3091 3090
f 3092 3093 3091
f 3091 3089 3092
f 3087 3092 3089
f 3089 3085 3087
f 3092 3087 2754
f 2754 2753 3092
f 3093 3092 2753
f 2753 2474 3093
f 3094 3090 3091
f 3091 3095 3094
f 3096 3094 3095
f 3095 3097 3096
f 3098 3099 3097
f 3097 3095 3098
f 3093 3098 3095
f 3095 3091 3093
f 3098 3093 2474
f 2474 2473 3098
f 3099 3098 2473
f 2473 2472 3099
f 3100 3096 3097
f 3097 3101 3100
f 3102 3100 3101
f 3101 3103 3102
f 3104 3105 3103
f 3103 3101 3104
f 3099 3104 3101
f 3101 3097 3099
f 3104 3099 2472
f 2472 2742 3104
f 3105 3104 2742
f 2742 2741 3105
f 3106 3102 3103
f 3103 3107 3106
f 3108 3106 3107
f 3107 3109 3108
f 3110 3111 3109
f 3109 3107 3110
f 3105 3110 3107
f 3107 3103 3105
f 3110 3105 2741
f 2741 2746 3110
f 3111 3110 2746
f 2746 2734 3111
f 3112 3108 3109
f 3109 3113 3112
f 3114 3112 3113
f 3113 3115 3114
f 3116 3117 3115
f 3115 3113 3116
f 3111 3116 3113
f 3113 3109 3111
f 3116 3111 2734
f 2734 2733 3116
f 3117 3116 2733
f 2733 2726 3117
f 3118 3114 3115
f 3115 3119 3118
f 3120 3118 3119
f 3119 3121 3120
f 3122 3123 3121
f 3121 3119 3122
f 3117 3122 3119
f 3119 3115 3117
f 3122 3117 2726
f 2726 2725 3122
f 3123 3122 2725
f 2725 2462 3123
f 3124 3120 3121
f 3121 3125 3124
f 3126 3124 3125
f 3125 3127 3126
f 3128 3129 3127
f 3127 3125 3128
f 3123 3128 3125
f 3125 3121 3123
f 3128 3123 2462
f 2462 2461 3128
f 3129 3128 2461
f 2461 2454 3129
f 3130 3126 3127
f 3127 3131 3130
f 3132 3130 3131
f 3131 3133 3132
f 3134 3135 3133
f 3133 3131 3134
f 3129 3134 3131
f 3131 3127 3129
f 3134 3129 2454
f 2454 2453 3134
f 3135 3134 2453
f 2453 2446 3135
f 3136 3132 3133
f 3133 3137 3136
f 3138 3136 3137
f 3137 3139 3138
f 3140 3141 3139
f 3139 3137 3140
f 3135 3140 3137
f 3137 3133 3135
f 3140 3135 2446
f 2446 2445 3140
f 3141 3140 2445
f 2445 2438 3141
f 3142 3138 3139
f 3139 3143 3142
f 3144 3142 3143
f 3143 3145 3144
f 3146 3147 3145
f 3145 3143 3146
f 3141 3146 3143
f 3143 3139 3141
f 3146 3141 2438
f 2438 2437 3146
f 3147 3146 2437
f 2437 2430 3147
f 3148 3144 3145
f 3145 3149 3148
f 3150 3148 3149
f 3149 3151 3150
f 3152 3153 3151
f 3151 3149 3152
f 3147 3152 3149
f 3149 3145 3147
f 3152 3147 2430
f 2430 2429 3152
f 3153 3152 2429
f 2429 2422 3153
f 3154 3150 3151
f 3151 3155 3154
f 3156 3154 3155
f 3155 3157 3156
f 3158 3159 3157
f 3157 3155 3158
f 3153 3158 3155
f 3155 3151 3153
f 3158 3153 2422
f 2422 2421 3158
f 3159 3158 2421
f 2421 2414 3159
f 3160 3156 3157
f 3157 3161 3160
f 3162 3160 3161
f 3161 3163 3162
f 3164 3165 3163
f 3163 3161 3164
f 3159 3164 3161
f 3161 3157 3159
f 3164 3159 2414
f 2414 2413 3164
f 3165 3164 2413
f 2413 2406 3165
f 3166 3162 3163
f 3163 3167 3166
f 3168 3166 3167
f 3167 3169 3168
f 3170 3171 3169
f 3169 3167 3170
f 3165 3170 3167
f 3167 3163 3165
f 3170 3165 2406
f 2406 2405 3170
f 3171 3170 2405
f 2405 2398 3171
f 3172 3168 3169
f 3169 3173 3172
f 3174 3172 3173
f 3173 3175 3174
f 3176 3177 3175
f 3175 3173 3176
f 3171 3176 3173
f 3173 3169 3171
f 3176 3171 2398
f 2398 2397 3176
f 3177 3176 2397
f 2397 2390 3177
f 3178 3174 3175
f 3175 3179 3178
f 3180 3178 3179
f 3179 3181 3180
f 3182 3183 3181
f 3181 3179 3182
f 3177 3182 3179
f 3179 3175 3177
f 3182 3177 2390
f 2390 2389 3182
f 3183 3182 2389
f 2389 2382 3183
f 3184 3180 3181
f 3181 3185 3184
f 3186 3184 3185
f 3185 3187 3186
f 3188 3189 3187
f 3187 3185 3188
f 3183 3188 3185
f 3185 3181 3183
f 3188 3183 2382
f 2382 2381 3188
f 3189 3188 2381
f 2381 2374 3189
f 3190 3186 3187
f 3187 3191 3190
f 3192 3190 3191
f 3191 3193 3192
f 3194 3195 3193
f 3193 3191 3194
f 3189 3194 3191
f 3191 3187 3189
f 3194 3189 2374
f 2374 2373 3194
f 3195 3194 2373
f 2373 2366 3195
f 3196 3192 3193
f 3193 3197 3196
f 3198 3196 3197
f 3197 3199 3198
f 3200 3201 3199
f 3199 3197 3200
f 3195 3200 3197
f 3197 3193 3195
f 3200 3195 2366
f 2366 2365 3200
f 3201 3200 2365
f 2365 2358 3201
f 3202 3198 3199
f 3199 3203 3202
f 3204 3202 3203
f 3203 3205 3204
f 3206 3207 3205
f 3205 3203 3206
f 3201 3206 3203
f 3203 3199 3201
f 3206 3201 2358
f 2358 2357 3206
f 3207 3206 2357
f 2357 2356 3207
f 3208 3204 3205
f 3205 3209 3208
f 3210 3208 3209
f 3209 3211 3210
f 3212 3213 3211
f 3211 3209 3212
f 3207 3212 3209
f 3209 3205 3207
f 3212 3207 2356
f 2356 2714 3212
f 3213 3212 2714
f 2714 2713 3213
f 3214 3210 3211
f 3211 3215 3214
f 3216 3214 3215
f 3215 3217 3216
f 3218 3219 3217
f 3217 3215 3218
f 3213 3218 3215
f 3215 3211 3213
f 3218 3213 2713
f 2713 2718 3218
f 3219 3218 2718
f 2718 2706 3219
f 3220 3216 3217
f 3217 3221 3220
f 3222 3220 3221
f 3221 3223 3222
f 3224 3225 3223
f 3223 3221 3224
f 3219 3224 3221
f 3221 3217 3219
f 3224 3219 2706
f 2706 2705 3224
f 3225 3224 2705
f 2705 2698 3225
f 3226 3222 3223
f 3223 3227 3226
f 3228 3226 3227
f 3227 3229 3228
f 3230 3231 3229
f 3229 3227 3230
f 3225 3230 3227
f 3227 3223 3225
f 3230 3225 2698
f 2698 2697 3230
f 3231 3230 2697
f 2697 2346 3231
f 3232 3228 3229
f 3229 3233 3232
f 3038 3232 3233
f 3233 3039 3038
f 3234 3045 3039
f 3039 3233 3234
f 3231 3234 3233
f 3233 3229 3231
f 3234 3231 2346
f 2346 2345 3234
f 3045 3234 2345
f 2345 2344 3045
o Object003
v 0.0293767 0.9999622 0.9667020
v 0.0341469 0.9999622 0.9400065
v 0.0390337 0.9999622 0.9116400
v 0.0257964 0.9999622 0.9863466
v 0.0244676 0.9999622 0.9935605
v 0.0242564 0.9999622 0.9944979
v 0.0240451 0.9999622 0.9952315
v 0.0238338 0.9999622 0.9958428
v 0.0236115 0.9999622 0.9962912
v 0.0233835 0.9999622 0.9966172
v 0.0438706 0.9999622 0.8820101
v 0.0484906 0.9999622 0.8514835
v 0.0528437 0.9999622 0.8198158
v 0.0499416 0.9999622 0.5456472
v 0.0494023 0.9999622 0.5421422
v 0.0492244 0.9999622 0.5410010
v 0.0001501 0.9999622 0.5584040
v 0.0495858 0.9999622 0.5433241
v 0.0497637 0.9999622 0.5444653
v 0.0001501 0.9999622 0.8690903
v 0.0001445 0.9999622 0.9931530
v 0.0001556 0.9999622 0.9944571
v 0.0002056 0.9999622 0.9954760
v 0.0002835 0.9999622 0.9962096
v 0.0003836 0.9999622 0.9968210
v 0.0005226 0.9999622 0.9971471
v 0.0007060 0.9999622 0.9972286
v 0.0036025 0.9999622 0.9971471
v 0.0118975 0.9999622 0.9970248
v 0.0202090 0.9999622 0.9969025
v 0.0231389 0.9999622 0.9967802
v 0.9999611 1.0000000 0.8690903
v 0.9999555 1.0000000 0.5584040
v 0.9508979 1.0000000 0.5410010
v 0.9999667 1.0000000 0.9931530
v 0.9999555 1.0000000 0.9944571
v 0.9999055 1.0000000 0.9954760
v 0.9998277 1.0000000 0.9962096
v 0.9997220 1.0000000 0.9968210
v 0.9995886 1.0000000 0.9971471
v 0.9501307 1.0000000 0.5456065
v 0.9446990 1.0000000 0.8197750
v 0.9492579 1.0000000 0.8514428
v 0.9503253 1.0000000 0.5444653
v 0.9505143 1.0000000 0.5432833
v 0.9507089 1.0000000 0.5421422
v 0.9540890 1.0000000 0.8819694
v 0.9591484 1.0000000 0.9115993
v 0.9642631 1.0000000 0.9399658
v 0.9692557 1.0000000 0.9667428
v 0.9730138 1.0000000 0.9864281
v 0.9744038 1.0000000 0.9936420
v 0.9746150 1.0000000 0.9945387
v 0.9748263 1.0000000 0.9952723
v 0.9750431 1.0000000 0.9958428
v 0.9752710 1.0000000 0.9962912
v 0.9754990 1.0000000 0.9966172
v 0.9757437 1.0000000 0.9967802
v 0.9788292 1.0000000 0.9969025
v 0.9875966 1.0000000 0.9970248
v 0.9963530 1.0000000 0.9971471
v 0.9994052 1.0000000 0.9972286
v 0.0605437 0.9999622 0.7522008
v 0.0637849 0.9999622 0.7158053
v 0.0665480 0.9999622 0.6773313
v 0.0687886 0.9999622 0.6366156
v 0.0704453 0.9999622 0.5933730
v 0.0714738 0.9999622 0.5473590
v 0.0616779 0.9999622 0.5411640
v 0.0614888 0.9999622 0.5423052
v 0.0613054 0.9999622 0.5434056
v 0.0611163 0.9999622 0.5445060
v 0.0609273 0.9999622 0.5456065
v 0.0568800 0.9999622 0.7868031
v 0.9404070 1.0000000 0.2132377
v 0.9365765 1.0000000 0.2478399
v 0.9331907 1.0000000 0.2842354
v 0.9303053 1.0000000 0.3227095
v 0.9279758 1.0000000 0.3634252
v 0.9262523 1.0000000 0.4066270
v 0.9251959 1.0000000 0.4526410
v 0.9384444 1.0000000 0.4589175
v 0.9386335 1.0000000 0.4577763
v 0.9388225 1.0000000 0.4566351
v 0.9390171 1.0000000 0.4555347
v 0.9392062 1.0000000 0.4543935
v 0.9446322 1.0000000 0.1802250
v 0.0499471 0.9999622 0.4543528
v 0.0529104 0.9999622 0.1801842
v 0.0485517 0.9999622 0.1485165
v 0.0497637 0.9999622 0.4554940
v 0.0495858 0.9999622 0.4566759
v 0.0494023 0.9999622 0.4578578
v 0.0439150 0.9999622 0.1179899
v 0.0390671 0.9999622 0.0883600
v 0.0341746 0.9999622 0.0599935
v 0.0293934 0.9999622 0.0332980
v 0.0258019 1.0000000 0.0136534
v 0.0244676 1.0000000 0.0064395
v 0.0242564 0.9999622 0.0055021
v 0.0240507 0.9999622 0.0047685
v 0.0238338 0.9999622 0.0041572
v 0.0236115 0.9999622 0.0037088
v 0.0233835 0.9999622 0.0033828
v 0.0231389 0.9999622 0.0032198
v 0.0202090 0.9999622 0.0030975
v 0.0492244 0.9999622 0.4589990
v 0.0118975 0.9999622 0.0029752
v 0.0036025 1.0000000 0.0028529
v 0.0007060 1.0000000 0.0027714
v 0.0005226 1.0000000 0.0028529
v 0.0003836 0.9999622 0.0031790
v 0.0002835 0.9999622 0.0037904
v 0.0002056 0.9999622 0.0045240
v 0.0001556 0.9999622 0.0055429
v 0.0001445 0.9999622 0.0068470
v 0.0001501 0.9999622 0.1309097
v 0.0001501 0.9999622 0.4415960
v 0.9692445 1.0000000 0.0332572
v 0.9642353 1.0000000 0.0600342
v 0.9591094 1.0000000 0.0884007
v 0.9730084 1.0000000 0.0135719
v 0.9744038 1.0000000 0.0063580
v 0.9746150 1.0000000 0.0054613
v 0.9748263 1.0000000 0.0047277
v 0.9750431 1.0000000 0.0041572
v 0.9752710 1.0000000 0.0037088
v 0.9754990 1.0000000 0.0033828
v 0.9757437 1.0000000 0.0032198
v 0.9788292 1.0000000 0.0030975
v 0.9875966 1.0000000 0.0029752
v 0.9963530 1.0000000 0.0028529
v 0.9540390 1.0000000 0.1180306
v 0.9491967 1.0000000 0.1485572
v 0.9502141 1.0000000 0.4543528
v 0.9994052 1.0000000 0.0027714
v 0.9995886 1.0000000 0.0028529
v 0.9997220 1.0000000 0.0031790
v 0.9998277 1.0000000 0.0037904
v 0.9999055 1.0000000 0.0045240
v 0.9999555 1.0000000 0.0055429
v 0.9999667 1.0000000 0.0068470
v 0.9999611 1.0000000 0.1309097
v 0.9999555 1.0000000 0.4415960
v 0.9503864 1.0000000 0.4554940
v 0.9505532 1.0000000 0.4566759
v 0.9507256 1.0000000 0.4578578
v 0.9508979 1.0000000 0.4589990
v 0.0704898 0.9999622 0.4066270
v 0.0688441 0.9999622 0.3633844
v 0.0666148 0.9999622 0.3226687
v 0.0638572 0.9999622 0.2841947
v 0.0606160 0.9999622 0.2477992
v 0.0569522 0.9999622 0.2131969
v 0.0609329 0.9999622 0.4543528
v 0.0611163 0.9999622 0.4554940
v 0.0613054 0.9999622 0.4565944
v 0.0614888 0.9999622 0.4576948
v 0.0616779 0.9999622 0.4588360
v 0.0714960 0.9999622 0.4526003
v 0.9262968 1.0000000 0.5933322
v 0.9280314 1.0000000 0.6365748
v 0.9303719 1.0000000 0.6772905
v 0.9332629 1.0000000 0.7157238
v 0.9366487 1.0000000 0.7521601
v 0.9404792 1.0000000 0.7867623
v 0.9391394 1.0000000 0.5456472
v 0.9389615 1.0000000 0.5445060
v 0.9387891 1.0000000 0.5433649
v 0.9386169 1.0000000 0.5422237
v 0.9384444 1.0000000 0.5410825
v 0.9252182 1.0000000 0.5473590
v 0.0481348 0.8276019 0.5123084
v 0.0503752 0.8276019 0.5372106
v 0.0537721 0.8276019 0.5536762
v 0.0571301 0.8276019 0.5536762
v 0.0605270 0.8276019 0.5372106
v 0.0627731 0.8276019 0.5123084
v 0.0627731 0.8276019 0.4876916
v 0.0605270 0.8276019 0.4627894
v 0.0571301 0.8276019 0.4463238
v 0.0537721 0.8276019 0.4463238
v 0.0503752 0.8276019 0.4627894
v 0.0481348 0.8276019 0.4876916
v 0.9519876 0.8276019 0.4876916
v 0.9497470 0.8276019 0.4627894
v 0.9463446 0.8276019 0.4463238
v 0.9429922 0.8276019 0.4463238
v 0.9395953 0.8276019 0.4627894
v 0.9373492 0.8276019 0.4876916
v 0.9373492 0.8276019 0.5123084
v 0.9395953 0.8276019 0.5372106
v 0.9429922 0.8276019 0.5536762
v 0.9463446 0.8276019 0.5536762
v 0.9497470 0.8276019 0.5372106
v 0.9519876 0.8276019 0.5123084
v 0.0544504 0.9999622 0.8066922
v 0.0535887 0.9999622 0.5634578
v 0.9466782 1.0000000 0.1660417
v 0.9465503 1.0000000 0.4365422
v 0.0535942 0.9999622 0.4365422
v 0.0544893 0.9999622 0.1930633
v 0.9465058 1.0000000 0.5634578
v 0.9442208 1.0000000 0.8159847
v 0.0467949 0.9999622 0.5138572
v 0.0001501 0.9999622 0.5194816
v 0.9999555 1.0000000 0.5194816
v 0.9533275 1.0000000 0.5138572
v 0.0716406 0.9999622 0.5157727
v 0.0641074 0.9999622 0.5139387
v 0.9250403 1.0000000 0.4841865
v 0.9360094 1.0000000 0.4861021
v 0.0474620 0.9954224 0.4862243
v 0.0474620 0.8321795 0.4862243
v 0.0498916 0.8321795 0.4592436
v 0.0498916 0.9954224 0.4592436
v 0.0535720 0.9954224 0.5585670
v 0.0535720 0.8321795 0.5585670
v 0.0498916 0.8321795 0.5407564
v 0.0498916 0.9954224 0.5407564
v 0.0634403 0.9954224 0.5137757
v 0.0634403 0.8321795 0.5137757
v 0.0610107 0.8321795 0.5407564
v 0.0610107 0.9954224 0.5407564
v 0.0573303 0.9954224 0.4414330
v 0.0573303 0.8321795 0.4414330
v 0.0610107 0.8321795 0.4592436
v 0.0610107 0.9954224 0.4592436
v 0.9526603 0.9954224 0.5137757
v 0.9526603 0.8321795 0.5137757
v 0.9502307 0.8321795 0.5407564
v 0.9502307 0.9954224 0.5407564
v 0.9465503 0.9954224 0.4414330
v 0.9465503 0.8321795 0.4414330
v 0.9502307 0.8321795 0.4592436
v 0.9502307 0.9954224 0.4592436
v 0.9366821 0.9954224 0.4862243
v 0.9366821 0.8321795 0.4862243
v 0.9391116 0.8321795 0.4592436
v 0.9391116 0.9954224 0.4592436
v 0.9427921 0.9954224 0.5585670
v 0.9427921 0.8321795 0.5585670
v 0.9391116 0.8321795 0.5407564
v 0.9391116 0.9954224 0.5407564
v 0.0557958 0.9999622 0.7956880
v 0.0572969 0.9999622 0.5634578
v 0.9451549 1.0000000 0.1765976
v 0.9428365 1.0000000 0.4365422
v 0.0572969 0.9999622 0.4365422
v 0.0558347 0.9999622 0.2040675
v 0.9427921 1.0000000 0.5634578
v 0.9428087 1.0000000 0.8049805
v 0.0467949 0.9999622 0.4861428
v 0.0001501 0.9999622 0.4805184
v 0.9999555 1.0000000 0.4805184
v 0.9533275 1.0000000 0.4861428
v 0.0716462 0.9999622 0.4841865
v 0.0641074 0.9999622 0.4860613
v 0.9250515 1.0000000 0.5157727
v 0.9360094 1.0000000 0.5138979
v 0.0474620 0.9954224 0.5137757
v 0.0474620 0.8321795 0.5137757
v 0.0573303 0.9954224 0.5585670
v 0.0573303 0.8321795 0.5585670
v 0.0634403 0.9954224 0.4862243
v 0.0634403 0.8321795 0.4862243
v 0.0535720 0.9954224 0.4414330
v 0.0535720 0.8321795 0.4414330
v 0.9526603 0.9954224 0.4862243
v 0.9526603 0.8321795 0.4862243
v 0.9427921 0.9954224 0.4414330
v 0.9427921 0.8321795 0.4414330
v 0.9366821 0.9954224 0.5137757
v 0.9366821 0.8321795 0.5137757
v 0.9465503 0.9954224 0.5585670
v 0.9465503 0.8321795 0.5585670
v 0.0478401 0.8279045 0.4870802
v 0.0478401 0.8279045 0.5129198
v 0.0476288 0.8287368 0.4865911
v 0.0476288 0.8287368 0.5134089
v 0.0501640 0.8279045 0.5387594
v 0.0500139 0.8287368 0.5398598
v 0.0536888 0.8279045 0.5557956
v 0.0536220 0.8287368 0.5573443
v 0.0572191 0.8279045 0.5557956
v 0.0572802 0.8287368 0.5573443
v 0.0607383 0.8279045 0.5387594
v 0.0608884 0.8287368 0.5398598
v 0.0630622 0.8279045 0.5129198
v 0.0632734 0.8287368 0.5134089
v 0.0630622 0.8279045 0.4870395
v 0.0632734 0.8287368 0.4865911
v 0.0607383 0.8279045 0.4612406
v 0.0608884 0.8287368 0.4601402
v 0.0572191 0.8279045 0.4442044
v 0.0572802 0.8287368 0.4426557
v 0.0536888 0.8279045 0.4442044
v 0.0536220 0.8287368 0.4426557
v 0.0501640 0.8279045 0.4612406
v 0.0500139 0.8287368 0.4601402
v 0.9522823 0.8279045 0.5129198
v 0.9522823 0.8279045 0.4870802
v 0.9524935 0.8287368 0.5134089
v 0.9524935 0.8287368 0.4865911
v 0.9499583 0.8279045 0.4612406
v 0.9501084 0.8287368 0.4601402
v 0.9464336 0.8279045 0.4442044
v 0.9465004 0.8287368 0.4426557
v 0.9429033 0.8279045 0.4442044
v 0.9428421 0.8287368 0.4426557
v 0.9393840 0.8279045 0.4612406
v 0.9392284 0.8287368 0.4601402
v 0.9370602 0.8279045 0.4870395
v 0.9368489 0.8287368 0.4865911
v 0.9370602 0.8279045 0.5129198
v 0.9368489 0.8287368 0.5134089
v 0.9393840 0.8279045 0.5387594
v 0.9392284 0.8287368 0.5398598
v 0.9429033 0.8279045 0.5557956
v 0.9428421 0.8287368 0.5573443
v 0.9464336 0.8279045 0.5557956
v 0.9465004 0.8287368 0.5573443
v 0.9499583 0.8279045 0.5387594
v 0.9501084 0.8287368 0.5398598
v 0.0535831 0.9996973 0.5613384
v 0.0501306 0.9996973 0.5445060
v 0.0535775 0.9988272 0.5597897
v 0.0501862 0.9988272 0.5433241
v 0.9465503 0.9996973 0.4386616
v 0.9500084 0.9996973 0.4554532
v 0.9465503 0.9988272 0.4402103
v 0.9499472 0.9988272 0.4566759
v 0.0501306 0.9996973 0.4554940
v 0.0535831 0.9996973 0.4386616
v 0.0501862 0.9988272 0.4566759
v 0.0535775 0.9988272 0.4402103
v 0.9499638 0.9996973 0.5445060
v 0.9465226 0.9996973 0.5613384
v 0.9499250 0.9988272 0.5433241
v 0.9465392 0.9988272 0.5597897
v 0.0493801 0.9996973 0.5393707
v 0.0470840 0.9996973 0.5138164
v 0.0495413 0.9988272 0.5387594
v 0.0472952 0.9988272 0.5137757
v 0.9530328 0.9996973 0.5138164
v 0.9507422 0.9996973 0.5393707
v 0.9528272 0.9988272 0.5137757
v 0.9505809 0.9988272 0.5387594
v 0.0638183 0.9996973 0.5138572
v 0.0615222 0.9996973 0.5394522
v 0.0636070 0.9988272 0.5138164
v 0.0613610 0.9988272 0.5388001
v 0.9363040 0.9996973 0.4861836
v 0.9385946 0.9996973 0.4605885
v 0.9365153 0.9988272 0.4861836
v 0.9387613 0.9988272 0.4611999
v 0.0497136 0.9974275 0.4607515
v 0.0474231 0.9974275 0.4862243
v 0.0495413 0.9988272 0.4612406
v 0.0472952 0.9988272 0.4862243
v 0.0475065 0.8301744 0.4863058
v 0.0499249 0.8301744 0.4594473
v 0.0501028 0.9974275 0.5420606
v 0.0535720 0.9974275 0.5588523
v 0.0535887 0.8301744 0.5582410
v 0.0499249 0.8301744 0.5405527
v 0.0611886 0.9974275 0.5392485
v 0.0634847 0.9974275 0.5137757
v 0.0634014 0.8301744 0.5136534
v 0.0609829 0.8301744 0.5405527
v 0.0607939 0.9974275 0.4579394
v 0.0573303 0.9974275 0.4411069
v 0.0607105 0.9988272 0.4566759
v 0.0573247 0.9988272 0.4402103
v 0.0573192 0.8301744 0.4417590
v 0.0609829 0.8301744 0.4594473
v 0.9504086 0.9974275 0.5392485
v 0.9526991 0.9974275 0.5137757
v 0.9526158 0.8301744 0.5136942
v 0.9501975 0.8301744 0.5405527
v 0.9500194 0.9974275 0.4579394
v 0.9465503 0.9974275 0.4411069
v 0.9465337 0.8301744 0.4417590
v 0.9501975 0.8301744 0.4594473
v 0.9389281 0.9974275 0.4607515
v 0.9366376 0.9974275 0.4862243
v 0.9367209 0.8301744 0.4863058
v 0.9391394 0.8301744 0.4594473
v 0.9393228 0.9974275 0.5420606
v 0.9427921 0.9974275 0.5588523
v 0.9393951 0.9988272 0.5433241
v 0.9427921 0.9988272 0.5597897
v 0.9428032 0.8301744 0.5582410
v 0.9391394 0.8301744 0.5405527
v 0.0573136 0.9996973 0.5613384
v 0.0573192 0.9988272 0.5597897
v 0.0607550 0.9996973 0.5445060
v 0.0607105 0.9988272 0.5433241
v 0.9428143 0.9996973 0.4386616
v 0.9428032 0.9988272 0.4402103
v 0.9393729 0.9996973 0.4554940
v 0.9394118 0.9988272 0.4566759
v 0.0573136 0.9996973 0.4386616
v 0.0607550 0.9996973 0.4554940
v 0.9427921 0.9996973 0.5613384
v 0.9393340 0.9996973 0.5445468
v 0.0470840 0.9996973 0.4861836
v 0.0493801 0.9996973 0.4606293
v 0.9530328 0.9996973 0.4861836
v 0.9528272 0.9988272 0.4862243
v 0.9507422 0.9996973 0.4606293
v 0.9505809 0.9988272 0.4612406
v 0.0638183 0.9996973 0.4861428
v 0.0636070 0.9988272 0.4861836
v 0.0615222 0.9996973 0.4605478
v 0.0613610 0.9988272 0.4611999
v 0.9363040 0.9996973 0.5138164
v 0.9365153 0.9988272 0.5137757
v 0.9385946 0.9996973 0.5394115
v 0.9387613 0.9988272 0.5388001
v 0.0474231 0.9974275 0.5137757
v 0.0475065 0.8301744 0.5136942
v 0.0497136 0.9974275 0.5392485
v 0.0573303 0.9974275 0.5588523
v 0.0573192 0.8301744 0.5582410
v 0.0607939 0.9974275 0.5420606
v 0.0634847 0.9974275 0.4862243
v 0.0634014 0.8301744 0.4863058
v 0.0611886 0.9974275 0.4607515
v 0.0535720 0.9974275 0.4411069
v 0.0535887 0.8301744 0.4417590
v 0.0501028 0.9974275 0.4579394
v 0.9526991 0.9974275 0.4862243
v 0.9526158 0.8301744 0.4863058
v 0.9504086 0.9974275 0.4607515
v 0.9427921 0.9974275 0.4411069
v 0.9428032 0.8301744 0.4417590
v 0.9393284 0.9974275 0.4579394
v 0.9366376 0.9974275 0.5137757
v 0.9367209 0.8301744 0.5136534
v 0.9389281 0.9974275 0.5392485
v 0.9465448 0.9974275 0.5588523
v 0.9465337 0.8301744 0.5582410
v 0.9500139 0.9974275 0.5420606
v 0.0495635 0.9996973 0.5408380
v 0.0496914 0.9989785 0.5403489
v 0.0497248 0.9998108 0.5421422
v 0.0498026 0.9993190 0.5414901
v 0.9501919 0.9996973 0.5432018
v 0.9501529 0.9989785 0.5421829
v 0.9503864 0.9998108 0.5421422
v 0.9503141 0.9993190 0.5414901
v 0.0609773 0.9996973 0.5432426
v 0.0609384 0.9989785 0.5421829
v 0.0611719 0.9998108 0.5421829
v 0.0610941 0.9993190 0.5415308
v 0.9391450 0.9996973 0.4567574
v 0.9391839 0.9989785 0.4578171
v 0.9389559 0.9998108 0.4578171
v 0.9390282 0.9993190 0.4584692
v 0.0499138 0.9996973 0.4567574
v 0.0499583 0.9989785 0.4577763
v 0.0497248 0.9998108 0.4578578
v 0.0498026 0.9993190 0.4585099
v 0.9505643 0.9996973 0.4591620
v 0.9504309 0.9989785 0.4596511
v 0.9504031 0.9998108 0.4578578
v 0.9503253 0.9993190 0.4585099
v 0.0613387 0.9996973 0.4590805
v 0.0612108 0.9989407 0.4596104
v 0.0611719 0.9998108 0.4578171
v 0.0610941 0.9993190 0.4584692
v 0.9387781 0.9996973 0.5408787
v 0.9389115 0.9989785 0.5403489
v 0.9389392 0.9998108 0.5421422
v 0.9390171 0.9993190 0.5414901
v 0.0499138 0.9996973 0.5432426
v 0.0499583 0.9989785 0.5421829
v 0.9502252 0.9996973 0.4567574
v 0.9501697 0.9989785 0.4577763
v 0.9505532 0.9996973 0.5408380
v 0.9504309 0.9989785 0.5403489
v 0.0613387 0.9996973 0.5409195
v 0.0612108 0.9989407 0.5403896
v 0.9387835 0.9996973 0.4591213
v 0.9389115 0.9989785 0.4596511
v 0.0609829 0.9996973 0.4567574
v 0.0609384 0.9989785 0.4578171
v 0.9391228 0.9996973 0.5432426
v 0.9391728 0.9989785 0.5422237
v 0.0495635 0.9996973 0.4591620
v 0.0496914 0.9989785 0.4596511
v 0.0498804 0.9982598 0.5408380
v 0.0610219 0.9982598 0.5408380
v 0.0610219 0.9982598 0.4591620
v 0.0498804 0.9982598 0.4591620
v 0.9502419 0.9982976 0.4591620
v 0.9391005 0.9982976 0.4591620
v 0.9390950 0.9982976 0.5408380
v 0.9502419 0.9982976 0.5408380
f 3235 3236 3237
f 3238 3235 3237
f 3239 3238 3237
f 3240 3239 3237
f 3241 3240 3237
f 3242 3241 3237
f 3243 3242 3237
f 3244 3243 3237
f 3237 3245 3246
f 3246 3247 3247
f 3246 3247 3248
f 3237 3246 3248
f 3249 3250 3251
f 3252 3249 3251
f 3253 3252 3251
f 3248 3253 3251
f 3248 3251 3254
f 3248 3254 3255
f 3248 3255 3256
f 3248 3256 3257
f 3248 3257 3258
f 3248 3258 3259
f 3248 3259 3260
f 3248 3260 3261
f 3237 3248 3261
f 3237 3261 3262
f 3237 3262 3263
f 3237 3263 3264
f 3237 3264 3265
f 3244 3237 3265
f 3266 3267 3268
f 3269 3266 3268
f 3270 3269 3268
f 3271 3270 3268
f 3272 3271 3268
f 3273 3272 3268
f 3274 3273 3268
f 3275 3276 3276
f 3275 3276 3277
f 3278 3275 3277
f 3279 3278 3277
f 3280 3279 3277
f 3277 3281 3282
f 3282 3283 3284
f 3277 3282 3284
f 3277 3284 3285
f 3277 3285 3286
f 3277 3286 3287
f 3277 3287 3288
f 3277 3288 3289
f 3277 3289 3290
f 3277 3290 3291
f 3277 3291 3292
f 3277 3292 3293
f 3280 3277 3293
f 3268 3280 3293
f 3268 3293 3294
f 3268 3294 3295
f 3268 3295 3296
f 3274 3268 3296
f 3297 3298 3299
f 3299 3300 3301
f 3297 3299 3301
f 3301 3302 3302
f 3297 3301 3302
f 3302 3303 3304
f 3302 3304 3305
f 3297 3302 3305
f 3297 3305 3306
f 3297 3306 3307
f 3308 3297 3307
f 3308 3308 3307
f 3309 3310 3311
f 3311 3312 3313
f 3309 3311 3313
f 3309 3313 3314
f 3314 3315 3315
f 3309 3314 3315
f 3315 3316 3317
f 3315 3317 3318
f 3309 3315 3318
f 3309 3318 3319
f 3309 3319 3320
f 3321 3309 3320
f 3321 3321 3320
f 3322 3323 3323
f 3322 3323 3324
f 3325 3322 3324
f 3326 3325 3324
f 3327 3326 3324
f 3324 3328 3329
f 3329 3330 3331
f 3324 3329 3331
f 3324 3331 3332
f 3324 3332 3333
f 3324 3333 3334
f 3324 3334 3335
f 3324 3335 3336
f 3324 3336 3337
f 3324 3337 3338
f 3324 3338 3339
f 3324 3339 3340
f 3327 3324 3340
f 3341 3327 3340
f 3341 3340 3342
f 3341 3342 3343
f 3341 3343 3344
f 3341 3344 3345
f 3341 3345 3346
f 3341 3346 3347
f 3341 3347 3348
f 3341 3348 3349
f 3341 3349 3350
f 3341 3350 3351
f 3341 3351 3352
f 3353 3354 3355
f 3356 3353 3355
f 3357 3356 3355
f 3358 3357 3355
f 3359 3358 3355
f 3360 3359 3355
f 3361 3360 3355
f 3362 3361 3355
f 3363 3362 3355
f 3364 3363 3355
f 3365 3364 3355
f 3366 3365 3355
f 3366 3355 3367
f 3367 3368 3368
f 3367 3368 3369
f 3366 3367 3369
f 3370 3366 3369
f 3371 3370 3369
f 3372 3371 3369
f 3373 3372 3369
f 3374 3373 3369
f 3375 3374 3369
f 3376 3375 3369
f 3377 3376 3369
f 3378 3377 3369
f 3378 3369 3379
f 3378 3379 3380
f 3378 3380 3381
f 3378 3381 3382
f 3383 3384 3385
f 3385 3386 3387
f 3383 3385 3387
f 3387 3388 3388
f 3383 3387 3388
f 3388 3389 3390
f 3388 3390 3391
f 3383 3388 3391
f 3383 3391 3392
f 3383 3392 3393
f 3394 3383 3393
f 3394 3394 3393
f 3395 3396 3397
f 3397 3398 3399
f 3395 3397 3399
f 3399 3400 3400
f 3395 3399 3400
f 3400 3401 3402
f 3400 3402 3403
f 3395 3400 3403
f 3395 3403 3404
f 3395 3404 3405
f 3406 3395 3405
f 3406 3406 3405
f 3407 3408 3409
f 3409 3410 3411
f 3411 3412 3413
f 3409 3411 3413
f 3413 3414 3415
f 3415 3416 3417
f 3413 3415 3417
f 3409 3413 3417
f 3407 3409 3417
f 3418 3407 3417
f 3419 3420 3421
f 3421 3422 3423
f 3423 3424 3425
f 3421 3423 3425
f 3425 3426 3427
f 3427 3428 3429
f 3425 3427 3429
f 3421 3425 3429
f 3419 3421 3429
f 3430 3419 3429
f 3247 3431 3432
f 3432 3248 3247
f 3433 3434 3369
f 3369 3368 3433
f 3435 3436 3323
f 3323 3322 3435
f 3437 3438 3276
f 3276 3275 3437
f 3439 3440 3251
f 3251 3250 3439
f 3267 3441 3442
f 3442 3268 3267
f 3302 3443 3444
f 3444 3303 3302
f 3315 3445 3446
f 3446 3316 3315
f 3447 3448 3449
f 3449 3450 3447
f 3451 3452 3453
f 3453 3454 3451
f 3455 3456 3457
f 3457 3458 3455
f 3459 3460 3461
f 3461 3462 3459
f 3463 3464 3465
f 3465 3466 3463
f 3467 3468 3469
f 3469 3470 3467
f 3471 3472 3473
f 3473 3474 3471
f 3475 3476 3477
f 3477 3478 3475
f 3479 3480 3432
f 3432 3431 3479
f 3308 3307 3480
f 3480 3479 3308
f 3481 3482 3434
f 3434 3433 3481
f 3321 3320 3482
f 3482 3481 3321
f 3435 3483 3484
f 3484 3436 3435
f 3483 3389 3388
f 3388 3484 3483
f 3437 3485 3486
f 3486 3438 3437
f 3485 3401 3400
f 3400 3486 3485
f 3487 3488 3440
f 3440 3439 3487
f 3487 3341 3352
f 3352 3488 3487
f 3489 3490 3442
f 3442 3441 3489
f 3378 3382 3490
f 3490 3489 3378
f 3491 3492 3444
f 3444 3443 3491
f 3394 3393 3492
f 3492 3491 3394
f 3493 3494 3446
f 3446 3445 3493
f 3406 3405 3494
f 3494 3493 3406
f 3495 3496 3448
f 3448 3447 3495
f 3454 3453 3496
f 3496 3495 3454
f 3497 3498 3452
f 3452 3451 3497
f 3458 3457 3498
f 3498 3497 3458
f 3499 3500 3456
f 3456 3455 3499
f 3462 3461 3500
f 3500 3499 3462
f 3501 3502 3460
f 3460 3459 3501
f 3450 3449 3502
f 3502 3501 3450
f 3503 3504 3464
f 3464 3463 3503
f 3470 3469 3504
f 3504 3503 3470
f 3505 3506 3468
f 3468 3467 3505
f 3474 3473 3506
f 3506 3505 3474
f 3507 3508 3472
f 3472 3471 3507
f 3478 3477 3508
f 3508 3507 3478
f 3509 3510 3476
f 3476 3475 3509
f 3466 3465 3510
f 3510 3509 3466
f 3407 3418 3511
f 3511 3512 3407
f 3512 3511 3513
f 3513 3514 3512
f 3408 3407 3512
f 3512 3515 3408
f 3515 3512 3514
f 3514 3516 3515
f 3409 3408 3515
f 3515 3517 3409
f 3517 3515 3516
f 3516 3518 3517
f 3410 3409 3517
f 3517 3519 3410
f 3519 3517 3518
f 3518 3520 3519
f 3411 3410 3519
f 3519 3521 3411
f 3521 3519 3520
f 3520 3522 3521
f 3412 3411 3521
f 3521 3523 3412
f 3523 3521 3522
f 3522 3524 3523
f 3413 3412 3523
f 3523 3525 3413
f 3525 3523 3524
f 3524 3526 3525
f 3414 3413 3525
f 3525 3527 3414
f 3527 3525 3526
f 3526 3528 3527
f 3415 3414 3527
f 3527 3529 3415
f 3529 3527 3528
f 3528 3530 3529
f 3416 3415 3529
f 3529 3531 3416
f 3531 3529 3530
f 3530 3532 3531
f 3417 3416 3531
f 3531 3533 3417
f 3533 3531 3532
f 3532 3534 3533
f 3418 3417 3533
f 3533 3511 3418
f 3511 3533 3534
f 3534 3513 3511
f 3419 3430 3535
f 3535 3536 3419
f 3536 3535 3537
f 3537 3538 3536
f 3420 3419 3536
f 3536 3539 3420
f 3539 3536 3538
f 3538 3540 3539
f 3421 3420 3539
f 3539 3541 3421
f 3541 3539 3540
f 3540 3542 3541
f 3422 3421 3541
f 3541 3543 3422
f 3543 3541 3542
f 3542 3544 3543
f 3423 3422 3543
f 3543 3545 3423
f 3545 3543 3544
f 3544 3546 3545
f 3424 3423 3545
f 3545 3547 3424
f 3547 3545 3546
f 3546 3548 3547
f 3425 3424 3547
f 3547 3549 3425
f 3549 3547 3548
f 3548 3550 3549
f 3426 3425 3549
f 3549 3551 3426
f 3551 3549 3550
f 3550 3552 3551
f 3427 3426 3551
f 3551 3553 3427
f 3553 3551 3552
f 3552 3554 3553
f 3428 3427 3553
f 3553 3555 3428
f 3555 3553 3554
f 3554 3556 3555
f 3429 3428 3555
f 3555 3557 3429
f 3557 3555 3556
f 3556 3558 3557
f 3430 3429 3557
f 3557 3535 3430
f 3535 3557 3558
f 3558 3537 3535
f 3248 3432 3559
f 3559 3560 3248
f 3560 3559 3561
f 3561 3562 3560
f 3369 3434 3563
f 3563 3564 3369
f 3564 3563 3565
f 3565 3566 3564
f 3435 3322 3567
f 3567 3568 3435
f 3568 3567 3569
f 3569 3570 3568
f 3437 3275 3571
f 3571 3572 3437
f 3572 3571 3573
f 3573 3574 3572
f 3439 3250 3575
f 3575 3576 3439
f 3576 3575 3577
f 3577 3578 3576
f 3268 3442 3579
f 3579 3580 3268
f 3580 3579 3581
f 3581 3582 3580
f 3303 3444 3583
f 3583 3584 3303
f 3584 3583 3585
f 3585 3586 3584
f 3316 3446 3587
f 3587 3588 3316
f 3588 3587 3589
f 3589 3590 3588
f 3447 3450 3591
f 3591 3592 3447
f 3592 3591 3593
f 3593 3594 3592
f 3449 3448 3595
f 3595 3596 3449
f 3596 3595 3513
f 3513 3534 3596
f 3451 3454 3597
f 3597 3598 3451
f 3598 3597 3562
f 3562 3561 3598
f 3453 3452 3599
f 3599 3600 3453
f 3600 3599 3518
f 3518 3516 3600
f 3455 3458 3601
f 3601 3602 3455
f 3602 3601 3586
f 3586 3585 3602
f 3457 3456 3603
f 3603 3604 3457
f 3604 3603 3524
f 3524 3522 3604
f 3459 3462 3605
f 3605 3606 3459
f 3606 3605 3607
f 3607 3608 3606
f 3461 3460 3609
f 3609 3610 3461
f 3610 3609 3530
f 3530 3528 3610
f 3463 3466 3611
f 3611 3612 3463
f 3612 3611 3582
f 3582 3581 3612
f 3465 3464 3613
f 3613 3614 3465
f 3614 3613 3537
f 3537 3558 3614
f 3467 3470 3615
f 3615 3616 3467
f 3616 3615 3566
f 3566 3565 3616
f 3469 3468 3617
f 3617 3618 3469
f 3618 3617 3542
f 3542 3540 3618
f 3471 3474 3619
f 3619 3620 3471
f 3620 3619 3590
f 3590 3589 3620
f 3473 3472 3621
f 3621 3622 3473
f 3622 3621 3548
f 3548 3546 3622
f 3475 3478 3623
f 3623 3624 3475
f 3624 3623 3625
f 3625 3626 3624
f 3477 3476 3627
f 3627 3628 3477
f 3628 3627 3554
f 3554 3552 3628
f 3432 3480 3629
f 3629 3559 3432
f 3559 3629 3630
f 3630 3561 3559
f 3480 3307 3631
f 3631 3629 3480
f 3629 3631 3632
f 3632 3630 3629
f 3434 3482 3633
f 3633 3563 3434
f 3563 3633 3634
f 3634 3565 3563
f 3482 3320 3635
f 3635 3633 3482
f 3633 3635 3636
f 3636 3634 3633
f 3483 3435 3568
f 3568 3637 3483
f 3637 3568 3570
f 3570 3608 3637
f 3389 3483 3637
f 3637 3638 3389
f 3638 3637 3608
f 3608 3607 3638
f 3485 3437 3572
f 3572 3639 3485
f 3639 3572 3574
f 3574 3626 3639
f 3401 3485 3639
f 3639 3640 3401
f 3640 3639 3626
f 3626 3625 3640
f 3487 3439 3576
f 3576 3641 3487
f 3641 3576 3578
f 3578 3594 3641
f 3341 3487 3641
f 3641 3642 3341
f 3642 3641 3594
f 3594 3593 3642
f 3442 3490 3643
f 3643 3579 3442
f 3579 3643 3644
f 3644 3581 3579
f 3490 3382 3645
f 3645 3643 3490
f 3643 3645 3646
f 3646 3644 3643
f 3444 3492 3647
f 3647 3583 3444
f 3583 3647 3648
f 3648 3585 3583
f 3492 3393 3649
f 3649 3647 3492
f 3647 3649 3650
f 3650 3648 3647
f 3446 3494 3651
f 3651 3587 3446
f 3587 3651 3652
f 3652 3589 3587
f 3494 3405 3653
f 3653 3651 3494
f 3651 3653 3654
f 3654 3652 3651
f 3495 3447 3592
f 3592 3655 3495
f 3655 3592 3594
f 3594 3578 3655
f 3448 3496 3656
f 3656 3595 3448
f 3595 3656 3514
f 3514 3513 3595
f 3454 3495 3655
f 3655 3657 3454
f 3657 3655 3578
f 3578 3577 3657
f 3496 3453 3600
f 3600 3656 3496
f 3656 3600 3516
f 3516 3514 3656
f 3497 3451 3598
f 3598 3658 3497
f 3658 3598 3561
f 3561 3630 3658
f 3452 3498 3659
f 3659 3599 3452
f 3599 3659 3520
f 3520 3518 3599
f 3458 3497 3658
f 3658 3660 3458
f 3660 3658 3630
f 3630 3632 3660
f 3498 3457 3604
f 3604 3659 3498
f 3659 3604 3522
f 3522 3520 3659
f 3499 3455 3602
f 3602 3661 3499
f 3661 3602 3585
f 3585 3648 3661
f 3456 3500 3662
f 3662 3603 3456
f 3603 3662 3526
f 3526 3524 3603
f 3462 3499 3661
f 3661 3663 3462
f 3663 3661 3648
f 3648 3650 3663
f 3500 3461 3610
f 3610 3662 3500
f 3662 3610 3528
f 3528 3526 3662
f 3501 3459 3606
f 3606 3664 3501
f 3664 3606 3608
f 3608 3570 3664
f 3460 3502 3665
f 3665 3609 3460
f 3609 3665 3532
f 3532 3530 3609
f 3450 3501 3664
f 3664 3666 3450
f 3666 3664 3570
f 3570 3569 3666
f 3502 3449 3596
f 3596 3665 3502
f 3665 3596 3534
f 3534 3532 3665
f 3503 3463 3612
f 3612 3667 3503
f 3667 3612 3581
f 3581 3644 3667
f 3464 3504 3668
f 3668 3613 3464
f 3613 3668 3538
f 3538 3537 3613
f 3470 3503 3667
f 3667 3669 3470
f 3669 3667 3644
f 3644 3646 3669
f 3504 3469 3618
f 3618 3668 3504
f 3668 3618 3540
f 3540 3538 3668
f 3505 3467 3616
f 3616 3670 3505
f 3670 3616 3565
f 3565 3634 3670
f 3468 3506 3671
f 3671 3617 3468
f 3617 3671 3544
f 3544 3542 3617
f 3474 3505 3670
f 3670 3672 3474
f 3672 3670 3634
f 3634 3636 3672
f 3506 3473 3622
f 3622 3671 3506
f 3671 3622 3546
f 3546 3544 3671
f 3507 3471 3620
f 3620 3673 3507
f 3673 3620 3589
f 3589 3652 3673
f 3472 3508 3674
f 3674 3621 3472
f 3621 3674 3550
f 3550 3548 3621
f 3478 3507 3673
f 3673 3675 3478
f 3675 3673 3652
f 3652 3654 3675
f 3508 3477 3628
f 3628 3674 3508
f 3674 3628 3552
f 3552 3550 3674
f 3509 3475 3624
f 3624 3676 3509
f 3676 3624 3626
f 3626 3574 3676
f 3476 3510 3677
f 3677 3627 3476
f 3627 3677 3556
f 3556 3554 3627
f 3466 3509 3676
f 3676 3678 3466
f 3678 3676 3574
f 3574 3573 3678
f 3510 3465 3614
f 3614 3677 3510
f 3677 3614 3558
f 3558 3556 3677
f 3250 3249 3679
f 3679 3575 3250
f 3575 3679 3680
f 3680 3577 3575
f 3249 3252 3681
f 3681 3679 3249
f 3679 3681 3682
f 3682 3680 3679
f 3275 3278 3683
f 3683 3571 3275
f 3571 3683 3684
f 3684 3573 3571
f 3278 3279 3685
f 3685 3683 3278
f 3683 3685 3686
f 3686 3684 3683
f 3307 3306 3687
f 3687 3631 3307
f 3631 3687 3688
f 3688 3632 3631
f 3306 3305 3689
f 3689 3687 3306
f 3687 3689 3690
f 3690 3688 3687
f 3320 3319 3691
f 3691 3635 3320
f 3635 3691 3692
f 3692 3636 3635
f 3319 3318 3693
f 3693 3691 3319
f 3691 3693 3694
f 3694 3692 3691
f 3322 3325 3695
f 3695 3567 3322
f 3567 3695 3696
f 3696 3569 3567
f 3325 3326 3697
f 3697 3695 3325
f 3695 3697 3698
f 3698 3696 3695
f 3382 3381 3699
f 3699 3645 3382
f 3645 3699 3700
f 3700 3646 3645
f 3381 3380 3701
f 3701 3699 3381
f 3699 3701 3702
f 3702 3700 3699
f 3393 3392 3703
f 3703 3649 3393
f 3649 3703 3704
f 3704 3650 3649
f 3392 3391 3705
f 3705 3703 3392
f 3703 3705 3706
f 3706 3704 3703
f 3405 3404 3707
f 3707 3653 3405
f 3653 3707 3708
f 3708 3654 3653
f 3404 3403 3709
f 3709 3707 3404
f 3707 3709 3710
f 3710 3708 3707
f 3248 3560 3711
f 3711 3253 3248
f 3253 3711 3681
f 3681 3252 3253
f 3560 3562 3712
f 3712 3711 3560
f 3711 3712 3682
f 3682 3681 3711
f 3369 3564 3713
f 3713 3379 3369
f 3379 3713 3701
f 3701 3380 3379
f 3564 3566 3714
f 3714 3713 3564
f 3713 3714 3702
f 3702 3701 3713
f 3268 3580 3715
f 3715 3280 3268
f 3280 3715 3685
f 3685 3279 3280
f 3580 3582 3716
f 3716 3715 3580
f 3715 3716 3686
f 3686 3685 3715
f 3303 3584 3717
f 3717 3304 3303
f 3304 3717 3689
f 3689 3305 3304
f 3584 3586 3718
f 3718 3717 3584
f 3717 3718 3690
f 3690 3689 3717
f 3316 3588 3719
f 3719 3317 3316
f 3317 3719 3693
f 3693 3318 3317
f 3588 3590 3720
f 3720 3719 3588
f 3719 3720 3694
f 3694 3693 3719
f 3389 3638 3721
f 3721 3390 3389
f 3390 3721 3705
f 3705 3391 3390
f 3638 3607 3722
f 3722 3721 3638
f 3721 3722 3706
f 3706 3705 3721
f 3401 3640 3723
f 3723 3402 3401
f 3402 3723 3709
f 3709 3403 3402
f 3640 3625 3724
f 3724 3723 3640
f 3723 3724 3710
f 3710 3709 3723
f 3341 3642 3725
f 3725 3327 3341
f 3327 3725 3697
f 3697 3326 3327
f 3642 3593 3726
f 3726 3725 3642
f 3725 3726 3698
f 3698 3697 3725
f 3454 3657 3727
f 3727 3597 3454
f 3597 3727 3712
f 3712 3562 3597
f 3657 3577 3680
f 3680 3727 3657
f 3727 3680 3682
f 3682 3712 3727
f 3458 3660 3728
f 3728 3601 3458
f 3601 3728 3718
f 3718 3586 3601
f 3660 3632 3688
f 3688 3728 3660
f 3728 3688 3690
f 3690 3718 3728
f 3462 3663 3729
f 3729 3605 3462
f 3605 3729 3722
f 3722 3607 3605
f 3663 3650 3704
f 3704 3729 3663
f 3729 3704 3706
f 3706 3722 3729
f 3450 3666 3730
f 3730 3591 3450
f 3591 3730 3726
f 3726 3593 3591
f 3666 3569 3696
f 3696 3730 3666
f 3730 3696 3698
f 3698 3726 3730
f 3470 3669 3731
f 3731 3615 3470
f 3615 3731 3714
f 3714 3566 3615
f 3669 3646 3700
f 3700 3731 3669
f 3731 3700 3702
f 3702 3714 3731
f 3474 3672 3732
f 3732 3619 3474
f 3619 3732 3720
f 3720 3590 3619
f 3672 3636 3692
f 3692 3732 3672
f 3732 3692 3694
f 3694 3720 3732
f 3478 3675 3733
f 3733 3623 3478
f 3623 3733 3724
f 3724 3625 3623
f 3675 3654 3708
f 3708 3733 3675
f 3733 3708 3710
f 3710 3724 3733
f 3466 3678 3734
f 3734 3611 3466
f 3611 3734 3716
f 3716 3582 3611
f 3678 3573 3684
f 3684 3734 3678
f 3734 3684 3686
f 3686 3716 3734
